timestamp,file_path,file_size,entropy,event_type,file_extension,label,file_size_kb,hour,minute,is_text_file,is_binary_file,high_entropy,very_high_entropy,large_file
2025-09-26 06:22:31.754664421,iot_test_files/normal/config_device_0.cfg,55,4.132795450559985,created,.cfg,0,0.0537109375,6,22,True,False,0,0,0
2025-09-26 06:22:31.755466938,iot_test_files/normal/config_device_0.cfg,55,4.132795450559985,modified,.cfg,0,0.0537109375,6,22,True,False,0,0,0
2025-09-26 06:22:31.755673885,iot_test_files/normal/sensor_data_1.json,55,4.492380568259549,created,.json,0,0.0537109375,6,22,True,False,0,0,0
2025-09-26 06:22:31.755821228,iot_test_files/normal/sensor_data_1.json,55,4.492380568259549,modified,.json,0,0.0537109375,6,22,True,False,0,0,0
2025-09-26 06:22:31.755961657,iot_test_files/normal/system_log_2.log,82,4.75865448802291,created,.log,0,0.080078125,6,22,True,False,0,0,0
2025-09-26 06:22:31.756092072,iot_test_files/normal/system_log_2.log,82,4.75865448802291,modified,.log,0,0.080078125,6,22,True,False,0,0,0
2025-09-26 06:22:31.756236076,iot_test_files/normal/backup_data_3.dat,145,5.633164738464349,created,.dat,0,0.1416015625,6,22,False,True,0,0,0
2025-09-26 06:22:31.756378174,iot_test_files/normal/backup_data_3.dat,145,5.633164738464349,modified,.dat,0,0.1416015625,6,22,False,True,0,0,0
2025-09-26 06:22:31.756501675,iot_test_files/normal/config_device_4.cfg,55,4.1917974959751945,created,.cfg,0,0.0537109375,6,22,True,False,0,0,0
2025-09-26 06:22:31.756617785,iot_test_files/normal/config_device_4.cfg,55,4.1917974959751945,modified,.cfg,0,0.0537109375,6,22,True,False,0,0,0
2025-09-26 06:22:31.756756306,iot_test_files/normal/sensor_data_5.json,55,4.506105795571611,created,.json,0,0.0537109375,6,22,True,False,0,0,0
2025-09-26 06:22:31.756938934,iot_test_files/normal/sensor_data_5.json,55,4.506105795571611,modified,.json,0,0.0537109375,6,22,True,False,0,0,0
2025-09-26 06:22:31.757086754,iot_test_files/normal/system_log_6.log,82,4.76038265204823,created,.log,0,0.080078125,6,22,True,False,0,0,0
2025-09-26 06:22:31.757220507,iot_test_files/normal/system_log_6.log,82,4.76038265204823,modified,.log,0,0.080078125,6,22,True,False,0,0,0
2025-09-26 06:22:31.757362366,iot_test_files/normal/backup_data_7.dat,145,5.646510038007309,created,.dat,0,0.1416015625,6,22,False,True,0,0,0
2025-09-26 06:22:31.757491112,iot_test_files/normal/backup_data_7.dat,145,5.646510038007309,modified,.dat,0,0.1416015625,6,22,False,True,0,0,0
2025-09-26 06:22:31.757635355,iot_test_files/normal/config_device_8.cfg,55,4.141708632299495,created,.cfg,0,0.0537109375,6,22,True,False,0,0,0
2025-09-26 06:22:31.757762909,iot_test_files/normal/config_device_8.cfg,55,4.141708632299495,modified,.cfg,0,0.0537109375,6,22,True,False,0,0,0
2025-09-26 06:22:31.757883787,iot_test_files/normal/sensor_data_9.json,55,4.367748696036397,created,.json,0,0.0537109375,6,22,True,False,0,0,0
2025-09-26 06:22:31.758003950,iot_test_files/normal/sensor_data_9.json,55,4.367748696036397,modified,.json,0,0.0537109375,6,22,True,False,0,0,0
2025-09-26 06:22:31.758129835,iot_test_files/normal/system_log_10.log,83,4.782111727629281,created,.log,0,0.0810546875,6,22,True,False,0,0,0
2025-09-26 06:22:31.758245230,iot_test_files/normal/system_log_10.log,83,4.782111727629281,modified,.log,0,0.0810546875,6,22,True,False,0,0,0
2025-09-26 06:22:31.758366108,iot_test_files/normal/backup_data_11.dat,145,5.670094373539558,created,.dat,0,0.1416015625,6,22,False,True,0,0,0
2025-09-26 06:22:31.758489609,iot_test_files/normal/backup_data_11.dat,145,5.670094373539558,modified,.dat,0,0.1416015625,6,22,False,True,0,0,0
2025-09-26 06:22:31.758619547,iot_test_files/normal/config_device_12.cfg,56,4.246177744107237,created,.cfg,0,0.0546875,6,22,True,False,0,0,0
2025-09-26 06:22:31.758737803,iot_test_files/normal/config_device_12.cfg,56,4.246177744107237,modified,.cfg,0,0.0546875,6,22,True,False,0,0,0
2025-09-26 06:22:31.758900642,iot_test_files/normal/sensor_data_13.json,56,4.5548733954965765,created,.json,0,0.0546875,6,22,True,False,0,0,0
2025-09-26 06:22:31.759033918,iot_test_files/normal/sensor_data_13.json,56,4.5548733954965765,modified,.json,0,0.0546875,6,22,True,False,0,0,0
2025-09-26 06:22:31.759154797,iot_test_files/normal/system_log_14.log,83,4.775701258043262,created,.log,0,0.0810546875,6,22,True,False,0,0,0
2025-09-26 06:22:31.759280205,iot_test_files/normal/system_log_14.log,83,4.775701258043262,modified,.log,0,0.0810546875,6,22,True,False,0,0,0
2025-09-26 06:22:31.759557962,iot_test_files/normal/backup_data_15.dat,145,5.735789459300461,created,.dat,0,0.1416015625,6,22,False,True,0,0,0
2025-09-26 06:22:31.759802103,iot_test_files/normal/backup_data_15.dat,145,5.735789459300461,modified,.dat,0,0.1416015625,6,22,False,True,0,0,0
2025-09-26 06:22:31.760025263,iot_test_files/normal/config_device_16.cfg,56,4.246177744107237,created,.cfg,0,0.0546875,6,22,True,False,0,0,0
2025-09-26 06:22:31.760232925,iot_test_files/normal/config_device_16.cfg,56,4.246177744107237,modified,.cfg,0,0.0546875,6,22,True,False,0,0,0
2025-09-26 06:22:31.760459661,iot_test_files/normal/sensor_data_17.json,56,4.590587681210862,created,.json,0,0.0546875,6,22,True,False,0,0,0
2025-09-26 06:22:31.760687590,iot_test_files/normal/sensor_data_17.json,56,4.590587681210862,modified,.json,0,0.0546875,6,22,True,False,0,0,0
2025-09-26 06:22:31.760944366,iot_test_files/normal/system_log_18.log,83,4.775701258043262,created,.log,0,0.0810546875,6,22,True,False,0,0,0
2025-09-26 06:22:31.761178017,iot_test_files/normal/system_log_18.log,83,4.775701258043262,modified,.log,0,0.0810546875,6,22,True,False,0,0,0
2025-09-26 06:22:31.761398554,iot_test_files/normal/backup_data_19.dat,145,5.726913897384577,created,.dat,0,0.1416015625,6,22,False,True,0,0,0
2025-09-26 06:22:31.761650085,iot_test_files/normal/backup_data_19.dat,145,5.726913897384577,modified,.dat,0,0.1416015625,6,22,False,True,0,0,0
2025-09-26 06:22:43.851728201,iot_test_files/normal/log_1758867763_6458.txt,113,3.969422283108321,created,.txt,0,0.1103515625,6,22,True,False,0,0,0
2025-09-26 06:22:43.853576899,iot_test_files/normal/log_1758867763_6458.txt,113,3.969422283108321,modified,.txt,0,0.1103515625,6,22,True,False,0,0,0
2025-09-26 06:22:56.004640341,iot_test_files/normal/config_device_0.cfg,111,4.764212321919475,modified,.cfg,0,0.1083984375,6,22,True,False,0,0,0
2025-09-26 06:23:08.095717907,iot_test_files/normal/sensor_data_13.json,0,4.848609716990332,modified,.json,0,0.0,6,23,True,False,0,0,0
2025-09-26 06:23:08.096575499,iot_test_files/normal/sensor_data_13.json,99,4.848609716990332,modified,.json,0,0.0966796875,6,23,True,False,0,0,0
2025-09-26 06:23:20.147704363,iot_test_files/normal/log_1758867800_5523.txt,113,3.958033287729534,created,.txt,0,0.1103515625,6,23,True,False,0,0,0
2025-09-26 06:23:20.148054361,iot_test_files/normal/log_1758867800_5523.txt,113,3.958033287729534,modified,.txt,0,0.1103515625,6,23,True,False,0,0,0
2025-09-26 06:23:44.425916910,iot_test_files/normal/config_device_0.cfg,0,0.0,modified,.cfg,0,0.0,6,23,True,False,0,0,0
2025-09-26 06:23:44.426623583,iot_test_files/normal/config_device_0.cfg,154,4.831736633030845,modified,.cfg,0,0.150390625,6,23,True,False,0,0,0
2025-09-26 06:23:56.614005804,iot_test_files/normal/config_device_8.cfg,98,4.816384110281584,modified,.cfg,0,0.095703125,6,23,True,False,0,0,0
2025-09-26 06:24:08.656434774,iot_test_files/normal/config_device_4.cfg,111,4.813849934571068,modified,.cfg,0,0.1083984375,6,24,True,False,0,0,0
2025-09-26 06:24:20.772377014,iot_test_files/normal/log_1758867860_2808.txt,113,3.894287548633338,created,.txt,0,0.1103515625,6,24,True,False,0,0,0
2025-09-26 06:24:20.772806883,iot_test_files/normal/log_1758867860_2808.txt,113,3.894287548633338,modified,.txt,0,0.1103515625,6,24,True,False,0,0,0
2025-09-26 06:24:45.089598417,iot_test_files/normal/log_1758867885_4442.txt,113,3.969422283108321,created,.txt,0,0.1103515625,6,24,True,False,0,0,0
2025-09-26 06:24:45.090062857,iot_test_files/normal/log_1758867885_4442.txt,113,3.969422283108321,modified,.txt,0,0.1103515625,6,24,True,False,0,0,0
2025-09-26 06:24:57.264444589,iot_test_files/normal/log_1758867897_1579.txt,113,3.945042747690945,created,.txt,0,0.1103515625,6,24,True,False,0,0,0
2025-09-26 06:24:57.264935970,iot_test_files/normal/log_1758867897_1579.txt,113,3.945042747690945,modified,.txt,0,0.1103515625,6,24,True,False,0,0,0
2025-09-26 06:25:09.340842485,iot_test_files/normal/system_log_18.log,0,0.0,deleted,.log,0,0.0,6,25,True,False,0,0,0
2025-09-26 06:25:33.534828901,iot_test_files/normal/log_1758867933_6932.txt,113,3.951723168064073,created,.txt,0,0.1103515625,6,25,True,False,0,0,0
2025-09-26 06:25:33.535589695,iot_test_files/normal/log_1758867933_6932.txt,113,3.951723168064073,modified,.txt,0,0.1103515625,6,25,True,False,0,0,0
2025-09-26 06:25:45.738434315,iot_test_files/normal/log_1758867800_5523.txt,169,4.3640281676318855,modified,.txt,0,0.1650390625,6,25,True,False,0,0,0
2025-09-26 06:25:57.783040047,iot_test_files/normal/system_log_14.log,139,4.834643299571129,modified,.log,0,0.1357421875,6,25,True,False,0,0,0
2025-09-26 06:26:09.914843082,iot_test_files/normal/log_1758867763_6458.txt,169,4.375690057894467,modified,.txt,0,0.1650390625,6,26,True,False,0,0,0
2025-09-26 06:26:22.016583919,iot_test_files/normal/backup_data_3.dat,188,5.577150480909248,modified,.dat,0,0.18359375,6,26,False,True,0,0,0
2025-09-26 06:26:22.017342091,iot_test_files/normal/backup_data_3.dat,188,5.577150480909248,modified,.dat,0,0.18359375,6,26,False,True,0,0,0
2025-09-26 06:26:34.139759541,iot_test_files/normal/log_1758867994_5521.txt,113,3.970306048330532,created,.txt,0,0.1103515625,6,26,True,False,0,0,0
2025-09-26 06:26:34.140806913,iot_test_files/normal/log_1758867994_5521.txt,113,3.970306048330532,modified,.txt,0,0.1103515625,6,26,True,False,0,0,0
2025-09-26 06:26:46.277563810,iot_test_files/normal/backup_data_15.dat,0,0.0,deleted,.dat,0,0.0,6,26,False,True,0,0,0
2025-09-26 06:26:58.305180788,iot_test_files/normal/system_log_14.log,195,4.814660018372145,modified,.log,0,0.1904296875,6,26,True,False,0,0,0
2025-09-26 06:27:10.393835545,iot_test_files/normal/log_1758867860_2808.txt,156,4.311284842207469,modified,.txt,0,0.15234375,6,27,True,False,0,0,0
2025-09-26 06:27:22.449595213,iot_test_files/normal/sensor_data_13.json,0,0.0,deleted,.json,0,0.0,6,27,True,False,0,0,0
2025-09-26 06:27:34.523072720,iot_test_files/normal/log_1758867860_2808.txt,0,0.0,deleted,.txt,0,0.0,6,27,True,False,0,0,0
2025-09-26 06:27:46.616581917,iot_test_files/normal/config_device_16.cfg,112,4.861438101543468,modified,.cfg,0,0.109375,6,27,True,False,0,0,0
2025-09-26 06:27:58.756251574,iot_test_files/normal/config_device_12.cfg,99,4.844244025015284,modified,.cfg,0,0.0966796875,6,27,True,False,0,0,0
2025-09-26 06:27:58.757238388,iot_test_files/normal/config_device_12.cfg,99,4.844244025015284,modified,.cfg,0,0.0966796875,6,27,True,False,0,0,0
2025-09-26 06:28:10.843077898,iot_test_files/normal/backup_data_11.dat,201,5.653493203106905,modified,.dat,0,0.1962890625,6,28,False,True,0,0,0
2025-09-26 06:28:22.947750568,iot_test_files/normal/sensor_data_1.json,98,4.877179936208728,modified,.json,0,0.095703125,6,28,True,False,0,0,0
2025-09-26 06:28:35.035747051,iot_test_files/normal/sensor_data_17.json,0,0.0,deleted,.json,0,0.0,6,28,True,False,0,0,0
2025-09-26 06:28:47.069460630,iot_test_files/normal/log_1758868127_9054.txt,113,3.96596777403254,created,.txt,0,0.1103515625,6,28,True,False,0,0,0
2025-09-26 06:28:47.070097446,iot_test_files/normal/log_1758868127_9054.txt,113,3.96596777403254,modified,.txt,0,0.1103515625,6,28,True,False,0,0,0
2025-09-26 06:29:11.194409370,iot_test_files/normal/sensor_data_9.json,111,4.825652133346809,modified,.json,0,0.1083984375,6,29,True,False,0,0,0
2025-09-26 06:29:23.318721056,iot_test_files/normal/backup_data_7.dat,188,5.582867342763657,modified,.dat,0,0.18359375,6,29,False,True,0,0,0
2025-09-26 06:29:35.371589661,iot_test_files/normal/backup_data_3.dat,244,5.541384317753273,modified,.dat,0,0.23828125,6,29,False,True,0,0,0
2025-09-26 06:29:47.510566473,iot_test_files/normal/log_1758867933_6932.txt,0,0.0,deleted,.txt,0,0.0,6,29,True,False,0,0,0
2025-09-26 06:30:11.606310368,iot_test_files/normal/backup_data_19.dat,188,5.675536562759728,modified,.dat,0,0.18359375,6,30,False,True,0,0,0
2025-09-26 06:30:11.606985569,iot_test_files/normal/backup_data_19.dat,188,5.675536562759728,modified,.dat,0,0.18359375,6,30,False,True,0,0,0
2025-09-26 06:30:23.749844074,iot_test_files/normal/log_1758867885_4442.txt,169,4.403552601309047,modified,.txt,0,0.1650390625,6,30,True,False,0,0,0
2025-09-26 06:30:47.894908905,iot_test_files/normal/sensor_data_1.json,0,0.0,deleted,.json,0,0.0,6,30,True,False,0,0,0
2025-09-26 06:30:59.980318308,iot_test_files/normal/system_log_6.log,138,4.803772153618472,modified,.log,0,0.134765625,6,30,True,False,0,0,0
2025-09-26 06:31:12.100324154,iot_test_files/normal/backup_data_11.dat,257,5.554734769648104,modified,.dat,0,0.2509765625,6,31,False,True,0,0,0
2025-09-26 06:31:24.231877089,iot_test_files/normal/config_device_8.cfg,154,4.927753320802604,modified,.cfg,0,0.150390625,6,31,True,False,0,0,0
2025-09-26 06:31:36.377924919,iot_test_files/normal/system_log_6.log,181,4.860005175509466,modified,.log,0,0.1767578125,6,31,True,False,0,0,0
2025-09-26 06:32:00.595929623,iot_test_files/normal/config_device_4.cfg,0,0.0,deleted,.cfg,0,0.0,6,32,True,False,0,0,0
2025-09-26 06:32:12.665809155,iot_test_files/normal/log_1758868332_5403.txt,113,3.940334172685286,created,.txt,0,0.1103515625,6,32,True,False,0,0,0
2025-09-26 06:32:12.666737080,iot_test_files/normal/log_1758868332_5403.txt,113,3.940334172685286,modified,.txt,0,0.1103515625,6,32,True,False,0,0,0
2025-09-26 06:32:24.843001604,iot_test_files/normal/log_1758868332_5403.txt,0,0.0,deleted,.txt,0,0.0,6,32,True,False,0,0,0
2025-09-26 06:44:43.502001524,iot_test_files/normal/backup_data_7.dat,231,5.525751553783008,modified,.dat,0,0.2255859375,6,44,False,True,0,0,0
2025-09-26 06:44:43.502659798,iot_test_files/normal/backup_data_7.dat,231,5.525751553783008,modified,.dat,0,0.2255859375,6,44,False,True,0,0,0
2025-09-26 06:44:55.666151285,iot_test_files/normal/log_1758869095_2127.txt,113,3.97698646870366,created,.txt,0,0.1103515625,6,44,True,False,0,0,0
2025-09-26 06:44:55.666611433,iot_test_files/normal/log_1758869095_2127.txt,113,3.97698646870366,modified,.txt,0,0.1103515625,6,44,True,False,0,0,0
2025-09-26 06:45:07.736736059,iot_test_files/normal/log_1758869107_6466.txt,113,4.0080464244941645,created,.txt,0,0.1103515625,6,45,True,False,0,0,0
2025-09-26 06:45:07.737116575,iot_test_files/normal/log_1758869107_6466.txt,113,4.0080464244941645,modified,.txt,0,0.1103515625,6,45,True,False,0,0,0
2025-09-26 06:45:19.863559484,iot_test_files/normal/log_1758867800_5523.txt,212,4.580141435587633,modified,.txt,0,0.20703125,6,45,True,False,0,0,0
2025-09-26 06:45:19.864967823,iot_test_files/normal/log_1758867800_5523.txt,212,4.580141435587633,modified,.txt,0,0.20703125,6,45,True,False,0,0,0
2025-09-26 06:45:32.041594505,iot_test_files/normal/log_1758868127_9054.txt,156,4.395124176451689,modified,.txt,0,0.15234375,6,45,True,False,0,0,0
2025-09-26 06:45:44.145099163,iot_test_files/normal/log_1758869144_4736.txt,113,3.933140287797614,created,.txt,0,0.1103515625,6,45,True,False,0,0,0
2025-09-26 06:45:44.145525217,iot_test_files/normal/log_1758869144_4736.txt,113,3.933140287797614,modified,.txt,0,0.1103515625,6,45,True,False,0,0,0
2025-09-26 06:45:56.236850023,iot_test_files/normal/backup_data_11.dat,300,5.5051486358131525,modified,.dat,0,0.29296875,6,45,False,True,0,0,0
2025-09-26 06:46:08.315498114,iot_test_files/normal/system_log_10.log,126,4.8696943012899006,modified,.log,0,0.123046875,6,46,True,False,0,0,0
2025-09-26 06:46:08.316032410,iot_test_files/normal/system_log_10.log,126,4.8696943012899006,modified,.log,0,0.123046875,6,46,True,False,0,0,0
2025-09-26 06:46:20.354279995,iot_test_files/normal/config_device_8.cfg,0,0.0,deleted,.cfg,0,0.0,6,46,True,False,0,0,0
2025-09-26 06:46:44.440531969,iot_test_files/normal/log_1758869144_4736.txt,0,0.0,deleted,.txt,0,0.0,6,46,True,False,0,0,0
2025-09-26 06:46:56.502821445,iot_test_files/normal/log_1758868127_9054.txt,0,0.0,modified,.txt,0,0.0,6,46,True,False,0,0,0
2025-09-26 06:46:56.506212711,iot_test_files/normal/log_1758868127_9054.txt,199,4.531000962459667,modified,.txt,0,0.1943359375,6,46,True,False,0,0,0
2025-09-26 06:47:08.654856920,iot_test_files/normal/backup_data_3.dat,287,5.456745217843042,modified,.dat,0,0.2802734375,6,47,False,True,0,0,0
2025-09-26 06:47:20.729614735,iot_test_files/normal/log_1758869095_2127.txt,169,4.4331593325377465,modified,.txt,0,0.1650390625,6,47,True,False,0,0,0
2025-09-26 06:47:32.816479206,iot_test_files/normal/log_1758869252_3575.txt,113,4.0225196282410645,created,.txt,0,0.1103515625,6,47,True,False,0,0,0
2025-09-26 06:47:32.816901684,iot_test_files/normal/log_1758869252_3575.txt,113,4.0225196282410645,modified,.txt,0,0.1103515625,6,47,True,False,0,0,0
2025-09-26 06:47:44.970865250,iot_test_files/normal/log_1758869264_7286.txt,113,3.98800516337478,created,.txt,0,0.1103515625,6,47,True,False,0,0,0
2025-09-26 06:47:44.972018242,iot_test_files/normal/log_1758869264_7286.txt,113,3.98800516337478,modified,.txt,0,0.1103515625,6,47,True,False,0,0,0
2025-09-26 06:47:57.082081079,iot_test_files/normal/config_device_16.cfg,155,4.953161296484044,modified,.cfg,0,0.1513671875,6,47,True,False,0,0,0
2025-09-26 06:48:09.116950035,iot_test_files/normal/log_1758867885_4442.txt,0,4.622126945705,modified,.txt,0,0.0,6,48,True,False,0,0,0
2025-09-26 06:48:09.117250204,iot_test_files/normal/log_1758867885_4442.txt,212,4.622126945705,modified,.txt,0,0.20703125,6,48,True,False,0,0,0
2025-09-26 06:48:21.296076298,iot_test_files/normal/log_1758867800_5523.txt,0,0.0,deleted,.txt,0,0.0,6,48,True,False,0,0,0
2025-09-26 06:48:57.508921623,iot_test_files/normal/backup_data_7.dat,287,5.488747409397387,modified,.dat,0,0.2802734375,6,48,False,True,0,0,0
2025-09-26 06:49:21.698596239,iot_test_files/normal/system_log_6.log,0,0.0,deleted,.log,0,0.0,6,49,True,False,0,0,0
2025-09-26 06:49:33.777791023,iot_test_files/normal/log_1758868127_9054.txt,0,0.0,deleted,.txt,0,0.0,6,49,True,False,0,0,0
2025-09-26 06:49:45.859432936,iot_test_files/normal/log_1758867994_5521.txt,169,4.4042963706526725,modified,.txt,0,0.1650390625,6,49,True,False,0,0,0
2025-09-26 06:49:57.971339226,iot_test_files/normal/log_1758867994_5521.txt,225,4.568295787933965,modified,.txt,0,0.2197265625,6,49,True,False,0,0,0
2025-09-26 06:50:10.031507015,iot_test_files/normal/log_1758867885_4442.txt,0,0.0,deleted,.txt,0,0.0,6,50,True,False,0,0,0
2025-09-26 06:50:22.047338247,iot_test_files/normal/log_1758869422_4214.txt,113,3.9340240530198254,created,.txt,0,0.1103515625,6,50,True,False,0,0,0
2025-09-26 06:50:22.048118353,iot_test_files/normal/log_1758869422_4214.txt,113,3.9340240530198254,modified,.txt,0,0.1103515625,6,50,True,False,0,0,0
2025-09-26 06:50:34.273634911,iot_test_files/normal/log_1758869434_5169.txt,113,3.958033287729534,created,.txt,0,0.1103515625,6,50,True,False,0,0,0
2025-09-26 06:50:34.274000168,iot_test_files/normal/log_1758869434_5169.txt,113,3.958033287729534,modified,.txt,0,0.1103515625,6,50,True,False,0,0,0
2025-09-26 06:50:46.369058371,iot_test_files/normal/log_1758867763_6458.txt,225,4.544442426405754,modified,.txt,0,0.2197265625,6,50,True,False,0,0,0
2025-09-26 06:51:10.514072418,iot_test_files/normal/log_1758867763_6458.txt,281,4.622371643085745,modified,.txt,0,0.2744140625,6,51,True,False,0,0,0
2025-09-26 06:51:22.649017572,iot_test_files/normal/log_1758869434_5169.txt,169,4.364558959968162,modified,.txt,0,0.1650390625,6,51,True,False,0,0,0
2025-09-26 06:51:34.703059435,iot_test_files/normal/backup_data_7.dat,0,5.420688825368932,modified,.dat,0,0.0,6,51,False,True,0,0,0
2025-09-26 06:51:34.704219103,iot_test_files/normal/backup_data_7.dat,330,5.420688825368932,modified,.dat,0,0.322265625,6,51,False,True,0,0,0
2025-09-26 06:51:58.884810448,iot_test_files/normal/log_1758869518_3663.txt,113,3.969422283108321,created,.txt,0,0.1103515625,6,51,True,False,0,0,0
2025-09-26 06:51:58.885336399,iot_test_files/normal/log_1758869518_3663.txt,113,3.969422283108321,modified,.txt,0,0.1103515625,6,51,True,False,0,0,0
2025-09-26 06:52:11.087554216,iot_test_files/normal/log_1758869531_6841.txt,113,3.965084008810329,created,.txt,0,0.1103515625,6,52,True,False,0,0,0
2025-09-26 06:52:11.087995052,iot_test_files/normal/log_1758869531_6841.txt,113,3.965084008810329,modified,.txt,0,0.1103515625,6,52,True,False,0,0,0
2025-09-26 06:52:23.277797222,iot_test_files/normal/log_1758869434_5169.txt,0,0.0,deleted,.txt,0,0.0,6,52,True,False,0,0,0
2025-09-26 06:52:35.367720366,iot_test_files/normal/system_log_14.log,0,0.0,deleted,.log,0,0.0,6,52,True,False,0,0,0
2025-09-26 06:52:47.443301201,iot_test_files/normal/system_log_10.log,182,4.876385643066307,modified,.log,0,0.177734375,6,52,True,False,0,0,0
2025-09-26 06:52:59.493477106,iot_test_files/normal/log_1758869579_5287.txt,113,3.962741862735193,created,.txt,0,0.1103515625,6,52,True,False,0,0,0
2025-09-26 06:52:59.495493889,iot_test_files/normal/log_1758869579_5287.txt,113,3.962741862735193,modified,.txt,0,0.1103515625,6,52,True,False,0,0,0
2025-09-26 06:53:23.694765568,iot_test_files/normal/log_1758869264_7286.txt,0,0.0,deleted,.txt,0,0.0,6,53,True,False,0,0,0
2025-09-26 06:53:35.743991137,iot_test_files/normal/log_1758869531_6841.txt,169,4.414164192928295,modified,.txt,0,0.1650390625,6,53,True,False,0,0,0
2025-09-26 06:53:47.809732914,iot_test_files/normal/log_1758867994_5521.txt,0,0.0,deleted,.txt,0,0.0,6,53,True,False,0,0,0
2025-09-26 06:53:59.867730379,iot_test_files/normal/backup_data_11.dat,356,5.439591514554662,modified,.dat,0,0.34765625,6,53,False,True,0,0,0
2025-09-26 06:54:11.980864763,iot_test_files/normal/log_1758869518_3663.txt,156,4.402931332256641,modified,.txt,0,0.15234375,6,54,True,False,0,0,0
2025-09-26 06:54:11.981488705,iot_test_files/normal/log_1758869518_3663.txt,156,4.402931332256641,modified,.txt,0,0.15234375,6,54,True,False,0,0,0
2025-09-26 06:54:24.064764023,iot_test_files/normal/config_device_12.cfg,142,4.8331513759990266,modified,.cfg,0,0.138671875,6,54,True,False,0,0,0
2025-09-26 06:54:24.065189838,iot_test_files/normal/config_device_12.cfg,142,4.8331513759990266,modified,.cfg,0,0.138671875,6,54,True,False,0,0,0
2025-09-26 06:54:36.174943924,iot_test_files/normal/sensor_data_9.json,0,0.0,deleted,.json,0,0.0,6,54,True,False,0,0,0
2025-09-26 06:36:39.972804070,iot_test_files/attacked/system_log_2.log.encrypted,82,6.177614352152679,created,.encrypted,1,0.080078125,6,36,False,True,0,0,0
2025-09-26 06:36:39.973345757,iot_test_files/attacked/system_log_2.log.encrypted,82,6.177614352152679,modified,.encrypted,1,0.080078125,6,36,False,True,0,0,0
2025-09-26 06:36:39.973579884,iot_test_files/attacked/system_log_10.log.encrypted,83,6.124980545778696,created,.encrypted,1,0.0810546875,6,36,False,True,0,0,0
2025-09-26 06:36:39.973772049,iot_test_files/attacked/system_log_10.log.encrypted,83,6.124980545778696,modified,.encrypted,1,0.0810546875,6,36,False,True,0,0,0
2025-09-26 06:36:39.973948002,iot_test_files/attacked/log_1758867994_5521.txt.encrypted,113,6.375358940233871,created,.encrypted,1,0.1103515625,6,36,False,True,0,0,0
2025-09-26 06:36:39.974114895,iot_test_files/attacked/log_1758867994_5521.txt.encrypted,113,6.375358940233871,modified,.encrypted,1,0.1103515625,6,36,False,True,0,0,0
2025-09-26 06:36:39.974286795,iot_test_files/attacked/backup_data_3.dat.encrypted,244,7.079148378631878,created,.encrypted,1,0.23828125,6,36,False,True,1,0,0
2025-09-26 06:36:39.974444389,iot_test_files/attacked/backup_data_3.dat.encrypted,244,7.079148378631878,modified,.encrypted,1,0.23828125,6,36,False,True,1,0,0
2025-09-26 06:36:39.974630833,iot_test_files/attacked/config_device_0.cfg.encrypted,154,6.7340651120110975,created,.encrypted,1,0.150390625,6,36,False,True,0,0,0
2025-09-26 06:36:39.974822760,iot_test_files/attacked/config_device_0.cfg.encrypted,154,6.7340651120110975,modified,.encrypted,1,0.150390625,6,36,False,True,0,0,0
2025-09-26 06:36:39.974997759,iot_test_files/attacked/config_device_16.cfg.encrypted,112,6.4010176452332495,created,.encrypted,1,0.109375,6,36,False,True,0,0,0
2025-09-26 06:36:39.975165129,iot_test_files/attacked/config_device_16.cfg.encrypted,112,6.4010176452332495,modified,.encrypted,1,0.109375,6,36,False,True,0,0,0
2025-09-26 06:36:39.975343704,iot_test_files/attacked/system_log_14.log.encrypted,195,6.927692749580497,created,.encrypted,1,0.1904296875,6,36,False,True,0,0,0
2025-09-26 06:36:39.975605488,iot_test_files/attacked/system_log_14.log.encrypted,195,6.927692749580497,modified,.encrypted,1,0.1904296875,6,36,False,True,0,0,0
2025-09-26 06:36:39.975781441,iot_test_files/attacked/sensor_data_9.json.encrypted,111,6.384417893338164,created,.encrypted,1,0.1083984375,6,36,False,True,0,0,0
2025-09-26 06:36:39.975939512,iot_test_files/attacked/sensor_data_9.json.encrypted,111,6.384417893338164,modified,.encrypted,1,0.1083984375,6,36,False,True,0,0,0
2025-09-26 06:36:39.976111412,iot_test_files/attacked/system_log_6.log.encrypted,181,6.93067710250499,created,.encrypted,1,0.1767578125,6,36,False,True,0,0,0
2025-09-26 06:36:39.976279497,iot_test_files/attacked/system_log_6.log.encrypted,181,6.93067710250499,modified,.encrypted,1,0.1767578125,6,36,False,True,0,0,0
2025-09-26 06:36:39.976461887,iot_test_files/attacked/backup_data_11.dat.encrypted,257,7.13676275548382,created,.encrypted,1,0.2509765625,6,36,False,True,1,0,0
2025-09-26 06:36:39.976673365,iot_test_files/attacked/backup_data_11.dat.encrypted,257,7.13676275548382,modified,.encrypted,1,0.2509765625,6,36,False,True,1,0,0
2025-09-26 06:36:39.976927996,iot_test_files/attacked/log_1758867885_4442.txt.encrypted,169,6.809907229294447,created,.encrypted,1,0.1650390625,6,36,False,True,0,0,0
2025-09-26 06:36:39.977135897,iot_test_files/attacked/log_1758867885_4442.txt.encrypted,169,6.809907229294447,modified,.encrypted,1,0.1650390625,6,36,False,True,0,0,0
2025-09-26 06:36:39.977292061,iot_test_files/attacked/log_1758867763_6458.txt.encrypted,169,6.813398888855292,created,.encrypted,1,0.1650390625,6,36,False,True,0,0,0
2025-09-26 06:36:39.977434158,iot_test_files/attacked/log_1758867763_6458.txt.encrypted,169,6.813398888855292,modified,.encrypted,1,0.1650390625,6,36,False,True,0,0,0
2025-09-26 06:36:39.977573395,iot_test_files/attacked/READ_ME_FOR_DECRYPT.txt,194,5.04171491120636,created,.txt,1,0.189453125,6,36,True,False,0,0,0
2025-09-26 06:36:39.978374481,iot_test_files/attacked/READ_ME_FOR_DECRYPT.txt,194,5.04171491120636,modified,.txt,1,0.189453125,6,36,True,False,0,0,0
2025-09-26 06:54:48.277143717,iot_test_files/attacked/log_1758869531_6841.txt.encrypted,169,6.814964939189554,created,.encrypted,1,0.1650390625,6,54,False,True,0,0,0
2025-09-26 06:54:48.277523518,iot_test_files/attacked/log_1758869531_6841.txt.encrypted,169,6.814964939189554,modified,.encrypted,1,0.1650390625,6,54,False,True,0,0,0
2025-09-26 06:54:48.277907610,iot_test_files/attacked/system_log_2.log.encrypted,82,6.089259321691258,modified,.encrypted,1,0.080078125,6,54,False,True,0,0,0
2025-09-26 06:54:48.278136492,iot_test_files/attacked/system_log_10.log.encrypted,182,6.8476904342238845,modified,.encrypted,1,0.177734375,6,54,False,True,0,0,0
2025-09-26 06:54:48.278300762,iot_test_files/attacked/log_1758869579_5287.txt.encrypted,113,6.36434024556275,created,.encrypted,1,0.1103515625,6,54,False,True,0,0,0
2025-09-26 06:54:48.278450727,iot_test_files/attacked/log_1758869579_5287.txt.encrypted,113,6.36434024556275,modified,.encrypted,1,0.1103515625,6,54,False,True,0,0,0
2025-09-26 06:54:48.278630733,iot_test_files/attacked/log_1758869107_6466.txt.encrypted,113,6.459516241157119,created,.encrypted,1,0.1103515625,6,54,False,True,0,0,0
2025-09-26 06:54:48.278790474,iot_test_files/attacked/log_1758869107_6466.txt.encrypted,113,6.459516241157119,modified,.encrypted,1,0.1103515625,6,54,False,True,0,0,0
2025-09-26 06:54:48.278990030,iot_test_files/attacked/backup_data_7.dat.encrypted,330,7.391842953879219,created,.encrypted,1,0.322265625,6,54,False,True,1,0,0
2025-09-26 06:54:48.279172897,iot_test_files/attacked/backup_data_7.dat.encrypted,330,7.391842953879219,modified,.encrypted,1,0.322265625,6,54,False,True,1,0,0
2025-09-26 06:54:48.279308558,iot_test_files/attacked/log_1758867897_1579.txt.encrypted,113,6.39305805527812,created,.encrypted,1,0.1103515625,6,54,False,True,0,0,0
2025-09-26 06:54:48.279500961,iot_test_files/attacked/log_1758867897_1579.txt.encrypted,113,6.39305805527812,modified,.encrypted,1,0.1103515625,6,54,False,True,0,0,0
2025-09-26 06:54:48.279789686,iot_test_files/attacked/config_device_12.cfg.encrypted,142,6.549154073623387,created,.encrypted,1,0.138671875,6,54,False,True,0,0,0
2025-09-26 06:54:48.279954195,iot_test_files/attacked/config_device_12.cfg.encrypted,142,6.549154073623387,modified,.encrypted,1,0.138671875,6,54,False,True,0,0,0
2025-09-26 06:54:48.280082226,iot_test_files/attacked/sensor_data_5.json.encrypted,55,5.599541531706474,created,.encrypted,1,0.0537109375,6,54,False,True,0,0,0
2025-09-26 06:54:48.280203104,iot_test_files/attacked/sensor_data_5.json.encrypted,55,5.599541531706474,modified,.encrypted,1,0.0537109375,6,54,False,True,0,0,0
2025-09-26 06:54:48.280370712,iot_test_files/attacked/backup_data_3.dat.encrypted,287,7.2896539109496175,modified,.encrypted,1,0.2802734375,6,54,False,True,1,0,0
2025-09-26 06:54:48.280504465,iot_test_files/attacked/log_1758869422_4214.txt.encrypted,113,6.410757170322368,created,.encrypted,1,0.1103515625,6,54,False,True,0,0,0
2025-09-26 06:54:48.280634403,iot_test_files/attacked/log_1758869422_4214.txt.encrypted,113,6.410757170322368,modified,.encrypted,1,0.1103515625,6,54,False,True,0,0,0
2025-09-26 06:54:48.280774117,iot_test_files/attacked/READ_ME_FOR_DECRYPT.txt,194,5.052024189556877,modified,.txt,1,0.189453125,6,54,True,False,0,0,0
