file_size,entropy,label
91.21499222693697,6.503866809467432,1
105.26786494207103,3.6440937145168744,0
79.27637592526118,2.282584584226941,0
27.859865505668722,4.399256221498799,0
162.24795740184106,8.567835109000866,1
40.23689741721912,6.3251772585785995,1
168.53705277774313,1.1629810736407773,0
205.4567320799378,5.990301377805638,0
88.44932349264477,6.245803242131502,1
79.36869287406299,1.3504413322380566,0
42.965685894115644,5.392951932144796,1
87.89220455865085,3.127665329024084,0
190.93134806967868,5.817430722345901,0
43.69454124347697,6.72772416958838,0
51.56854671070684,2.1365964284804027,0
70.01974514126157,3.415337682710091,0
68.2768100706801,5.299821232475944,0
183.19532099026551,8.68456414634213,0
96.86584317356832,4.324847200075916,0
92.36189031587985,4.361697275287995,1
17.377647821581846,5.448282529884534,0
136.7413123106464,3.337044746161756,1
40.22229826023217,1.433095989994602,1
-33.97105658232229,0.898862253729213,1
13.652597503710524,6.412448639912169,1
115.83181806601824,4.583542726944659,0
41.154125889673885,5.576569260869956,0
4.383746354550738,1.8755796853370357,1
152.17948992964708,5.569342818787831,1
80.5796169983542,5.380243999586836,1
81.28853709571653,4.091392452468784,0
110.17758177515888,9.764589806789687,1
141.52102402336885,5.679634048726544,0
81.46250761479322,3.2029828653669052,1
72.689597589869,2.4250545912538812,0
44.67093963405573,4.3623887820485905,1
89.10604539506811,7.600546405823614,1
134.32272794625834,7.358642358610195,1
80.12994446661219,7.192530541677492,0
146.20179764193335,6.074119079988918,1
66.8736359693367,6.306302195036311,0
116.04761479744018,4.0515727855191015,0
137.48654371462692,5.404123809173387,1
47.98322018049451,4.763394195790291,0
46.800167792045244,3.817227183564113,1
202.49002675072626,4.683783048442552,1
30.763777477261783,5.539775126665582,1
123.48075136169687,5.724733105176012,0
156.07720937977237,1.3155176478199504,0
83.13518146562275,3.4542417386684425,0
55.31659341508832,-1.4917156208923075,1
19.78155442736991,4.534161906431388,1
158.87671846523045,2.2864429552934946,1
121.64318641603278,7.891327169678863,0
96.83577484852472,7.694894768105596,0
215.3884927391573,6.7211323983475175,1
58.25434415658125,7.904335690566208,0
17.588190851512906,2.9396680347237556,0
183.67679880985565,5.144887027555439,0
100.45203196470456,4.192526347372008,1
164.76403495807426,8.091408199662135,0
152.33587150880604,4.9610010815159304,1
139.73993907519372,3.3152886824847987,0
94.2955379964448,8.419544515745116,1
92.58906292441795,4.356827540686916,0
111.83390588080952,4.55766868287079,0
111.47658992032092,4.291658356773561,0
112.54687465991233,5.092551805244971,1
77.7700391455081,7.189615054698259,1
76.07165817905188,8.355935991441834,1
36.56522558010201,6.862353927391431,0
55.54000606511994,5.8370215613040894,1
80.2048725493348,7.055840824385405,1
75.29492568600733,8.848109089103108,1
39.256646778757364,5.335693444191226,1
132.87078301126363,6.1470792983445595,0
214.346019825632,1.9669029387278743,0
105.93988556661206,6.7890363576278965,1
103.21830669610497,1.4854029693296473,0
216.34884241690887,5.053308415061204,1
87.66311706703159,0.8965905361638713,1
105.64251965827461,8.447173300796775,0
195.85463123558776,1.5553303631647264,1
52.200831963937375,3.7150347144962144,1
28.124610167620972,4.772336256522103,1
142.46004522601365,6.767934446126132,1
94.33085582749759,1.6720733707590294,0
75.77378659507617,5.053917547544735,1
88.12037262074703,9.089389762743227,1
87.63928925845026,3.1858178872742826,1
58.62543633885331,2.1678172556977233,1
162.1610624819217,4.62070006034018,1
119.97452536966708,4.684109557698419,1
92.76154628168034,4.085964115802351,0
73.3939661584831,7.790389475394023,0
107.51933283747894,6.884416539590518,1
24.954294898883646,5.364108684309713,0
106.56690226040563,4.965712806247029,1
33.64713127444978,4.043649075838165,1
53.27286007406663,4.2650381562453585,1
95.16583191366139,5.91747591214355,1
106.9336429454562,4.217075383801893,1
78.18056509005216,5.590845961283177,1
69.33852343213431,2.709820567800314,1
105.28395176964547,4.325345404449926,1
134.76729732831913,7.441852270945987,1
246.56617988085392,5.7417051665491465,0
112.21585872390335,6.744474838773279,0
97.15205395104289,4.034116070219098,0
70.97716142885835,4.656306365049869,0
119.45258203945504,8.28473803686703,0
194.67142505872198,1.2370399788186885,1
125.98060334794741,6.082204048806663,0
91.51013608722296,4.7569656973494,1
145.82750618252894,6.502990007493706,0
39.04865415974257,1.6028547827767357,1
83.05836655408444,5.904125495090452,1
102.58874644268387,5.1757621537726815,0
117.09752036418641,5.473586208159632,0
84.14026700176262,2.9971282718214978,1
83.84211970359635,4.688530090722368,1
38.41597370486932,3.438449845399971,0
105.23620540586126,1.7408474088324004,1
97.77614816871842,5.832963582110525,1
114.5568414069685,3.84259151604894,1
162.2032727634545,4.713398584838905,1
22.720776503927695,6.40443988899515,0
218.3085456337261,5.65421787347371,1
94.41728280750402,6.10166385838388,1
92.69913327969084,5.1278440695122605,1
157.0448994678147,2.8271846305690747,1
-18.830240686045713,4.786942800786443,1
21.275123749772405,4.608435001964123,1
113.5836805432437,3.853290061418197,1
118.56174556358191,3.2040948408476098,1
91.16036238679754,5.30933135525775,1
150.93073524274408,1.0374472750355603,0
179.41552468650974,6.406065234542255,1
99.06407095747939,3.8624363300846767,0
186.42131422944047,6.2105505733438635,0
58.72603878301721,5.8744087470459165,1
68.19615840900308,7.554415048197487,0
164.77400252575828,3.499651152258073,1
106.36530353886029,8.464547801675582,1
105.21899168687605,8.658802148686112,1
75.24086888766449,5.5814135854275015,0
134.4581953532489,1.7171827269067084,1
160.92901827491013,3.3313201526836886,0
127.43113581271152,2.665239123467086,0
116.68231185905573,2.5898765274193485,1
102.33067552551665,2.9697953257144767,1
71.53265911562194,7.954504703974049,1
51.12594149217474,6.687938088611254,0
92.10349045819183,7.257629217360826,1
56.081823527112675,5.4811022566407726,1
90.47651398732181,8.897787448421862,0
48.830534625710534,3.81860586985837,0
133.78481230093564,1.4584923829340157,0
118.91249021064728,2.644588693077826,0
21.883405195212163,2.7975880212344997,0
116.40756657670093,4.570335491097523,0
29.766176399091023,4.951829229082126,0
135.1006905746038,6.4567251893185595,0
102.752798563453,1.9661399187319426,0
62.271356726711716,2.2050751155006982,0
43.433890375884566,8.267082817657867,1
64.9637956718658,2.6609417317819766,0
122.75403446895638,2.7735733829938414,0
114.46036438932539,3.9349256165606876,0
121.23143512650486,6.454224630354811,0
56.355308986184546,7.9325221685201,1
155.29088517065446,7.894910239496246,1
132.89297975710411,5.73718558695085,1
105.92124054307097,5.4492245278606894,1
164.66648560927234,5.028233208290768,1
56.11355111385639,7.716462750674808,0
107.26960746666137,1.8003103374347913,0
49.25853406075086,8.847009978520134,1
132.74524821175447,3.5074643472973532,0
60.84561209426095,3.668702100254241,1
113.59594036714468,6.783447449030118,0
103.3847933592601,6.341236505550957,1
155.11764066913733,4.39464397521441,0
112.31648029414296,3.1200252395149346,1
126.7871266678474,5.029206043885647,0
74.21612156181648,5.777578716164364,1
-14.348845025663508,3.4503523770290654,1
144.2884640345584,6.0684712806284775,0
83.53578993415738,6.706323369594314,0
67.26539924066486,4.961088087761917,0
22.274598822763707,1.1558428734131638,0
99.02850960907547,5.618876427784905,0
-36.64237581991958,2.1356408672961456,0
55.70655137164083,4.969897400815618,1
141.86345774799352,0.36706929072178696,1
14.972989879192312,6.78169601578011,1
64.18275653334061,3.6863479691372847,0
50.62970988003541,10.944187347020133,0
182.11001053452097,6.696899419042327,0
71.0702146365627,1.4935695392310966,1
184.673255558837,6.425531923483021,1
63.53554572235523,1.7082625267404974,0
77.37387030170447,4.719103425424324,1
68.81758797873081,3.618167602857211,1
121.48197803743943,7.086148666505501,1
119.58512663700631,2.6014563559337995,1
59.75129514667313,4.227237328649194,0
98.87419090756853,6.326167664934177,0
128.38154519099308,5.215385536062114,0
49.461062672326875,7.756628224620899,1
82.90560629170923,3.2863216603293406,1
113.59360681066613,4.482662141082647,0
199.95769390224245,1.6074261341538634,0
135.25385574265644,4.289891743726043,1
43.04798171179145,4.475518268861624,1
131.2912237401457,5.588108452962889,0
46.466227118730465,6.792762805669768,0
65.33390123228273,8.566314832131903,1
-31.740783326171282,3.2910520591427366,1
133.99406400455806,3.867703722468943,1
160.39130612559435,6.697068877112804,1
150.0218918638343,8.463928803981595,0
55.49013871910275,5.148290931952417,0
111.69620246951334,1.342100429297811,1
6.597257002659958,1.0972276027297632,0
108.4849508067162,8.566424024558293,0
43.633007923720555,5.623271079224294,1
41.48490692885356,6.666667399631577,1
98.73279498080322,5.641489299276712,1
108.46761066018453,6.116967940511045,1
18.28664956572787,6.552028232123414,0
42.77147475988416,4.696232217885354,1
46.09735945713479,5.799468797779576,1
142.14392357039867,5.355864447053285,1
194.41241786491582,4.303055506027192,0
50.56063608336347,3.365584153954056,0
128.07642981286068,4.84816822222396,1
171.44409816038095,9.946458663094115,0
75.42872314853707,4.800164448852281,1
76.50252832070122,5.1966603252138635,0
68.59947226004081,1.6860268598322814,0
150.83636747481677,5.465824418835877,0
55.935603121758284,7.424179885001273,0
105.71671851294899,4.9831747413378835,0
65.00435141877163,1.5717329878812931,0
102.55868926392729,3.658516316534297,1
40.24139060870351,7.470691003379448,1
60.41782178498874,3.6968766079123836,0
85.54768462667849,7.735845475576104,0
100.50461581071067,3.596552090002489,0
-0.1761483446260712,12.179265167930515,0
63.208345126800126,5.564075129867938,1
-37.808517843785864,6.987144005779273,1
72.9995901189109,2.4325558870716693,0
-19.49193592529315,5.317868195564385,0
87.839358404394,6.005635232918658,0
90.86637230698378,6.607091027431769,1
46.27480037601329,4.695555644552395,0
-8.199520697059299,4.046208519822368,1
50.04160360929394,2.4136608012763827,0
117.07862957274614,4.718457898254697,0
85.49286748425764,4.426822714526657,0
116.88094161131866,6.57619376779208,0
150.33425500384803,5.763759889970199,1
122.56507028650893,8.089817416873942,0
51.4663095217464,3.306861957670004,0
68.11751528642351,6.421376448477185,1
15.876439766014784,6.909298746674566,0
89.7311407540239,5.251221514109852,0
49.462402220294244,4.547927870074571,1
87.00644827920041,3.789199230289567,0
52.63033992087966,5.235675828731929,1
126.73320592167131,5.35734669462728,0
143.9779856786297,5.036975654094492,1
123.1625167105863,5.309806535982824,0
111.45218000531403,3.5563920132849143,0
77.451985095789,6.880913537991032,1
48.54440249693756,2.9979626235813224,0
8.141539732558968,4.816561014018073,1
151.9368480417084,5.058649796488499,0
84.70697136297798,4.586223017270594,0
148.2613316830159,5.149164504257443,1
115.3400169000192,5.101967121081675,1
88.31452150332942,6.170428824645562,0
143.0857751908689,2.7664874156002814,1
159.67409814923855,4.638836357514561,0
116.75280072612246,5.652110721586048,0
117.20201674773709,3.03689142515209,0
112.45944732717567,3.89104488638627,1
106.09262882779271,5.085735769071594,1
70.79319522990167,8.894123823815695,1
83.0313663215103,2.4772190083973715,1
117.61420549091376,4.028941360755566,0
66.34260238135741,7.744153895749742,1
71.89203682630435,7.745822413446126,0
71.79011400828017,6.139676012830365,1
228.83971642144147,8.041741176759482,1
149.3797170819791,7.127927073029998,0
58.35159095188827,3.676124689656545,0
162.2871653427926,2.719402406229668,1
54.85547735749694,3.640664202393266,0
95.61427482004892,6.253486088349282,1
107.61002373112093,3.324919569702166,0
184.35686554909603,6.72277970130126,0
111.14619827592105,8.6208651221236,0
70.88760842043911,1.0283082909352297,1
66.49007706594199,3.272159891329385,1
74.21208720243968,6.923901270708342,0
108.44084631985156,1.2915341299785643,1
87.15124919143398,5.9060003610709275,1
110.10758671635939,5.646639676923825,1
76.40384687151115,7.278579276685015,0
74.50095288797048,1.7125348860397467,1
163.62212214414296,6.115000284349659,0
19.678606974538,4.615431964111251,0
81.98276870901259,6.153423245349507,1
34.05934282551435,4.376755012836141,1
81.14768973326065,5.764797030168662,0
216.17719436786842,6.407808476022702,1
137.0017187034891,3.5428251922286758,1
66.70476165996914,5.798909643607475,0
141.4659074639536,7.2025127516582925,1
71.68808342304452,6.17193457591043,0
135.93324637553292,4.543755691787577,0
96.32037265721935,4.301965876315851,1
161.4395426904805,6.927209563951912,1
119.82668262076531,5.403115953526839,0
56.94462658174867,2.854430410712609,0
80.70666596503396,4.510172515092386,1
126.01549126917378,4.851904790244103,0
93.84702490414227,3.1964731883337034,1
43.45991903852566,5.708950791729201,0
44.06467675464641,4.373948463094956,1
138.66700526705682,6.724433099307119,1
119.11614041637648,5.467052294998126,1
87.65391304360692,3.4656978169223525,0
124.03485104319762,5.86971287821272,0
37.43937283751592,1.9677780656728774,0
95.62281717201029,4.488039101828179,1
93.14009296904588,5.692777837360419,0
38.634763509772355,4.725935340390738,0
65.88899184682865,5.866043055888023,1
116.11447544218987,7.743722726167377,1
172.38946440904252,3.463547514047229,1
76.28141069643317,8.048856220369984,1
32.20921473738815,3.752899242495743,0
42.0619972112965,5.177356905235214,1
93.90725512576603,5.92871363643559,1
53.01407702681203,3.1258297076569477,1
-44.91908274284765,7.048205296413019,1
89.46859883820825,6.737203190456351,0
15.640730627265071,7.244953493313684,1
145.9548037430191,2.1573740562436154,1
25.217944858496523,7.944278636118726,0
59.73705817348415,10.340529399624916,1
-2.133286867808607,3.441065612661866,1
170.1706449236477,5.202907500304402,1
73.83593210213492,4.409922998977311,1
179.62045162875745,6.418774915208574,0
-25.51649402434471,5.403044650994567,1
153.94801127516834,4.181220340367462,0
79.20546502347918,8.622519388642434,0
32.06263480436789,6.247886576627057,0
79.64980724936176,7.229459856113086,1
63.403551452842244,4.847668683503475,1
118.98885576107637,5.109246274607571,0
178.16315482369563,4.393612532598677,0
66.36057661545883,4.545134838396851,1
87.04955828651137,6.020136353958115,1
53.49592927348119,6.0529653699462305,0
151.73026691183784,6.384834980175611,1
130.82437912167347,2.743455496860359,1
116.19343154099388,6.425808183577022,1
-18.36311425429804,3.953236309002493,1
122.96279058569085,3.5904668584697754,0
120.20272159352301,3.241643498044671,1
63.520021757951774,4.624487359830124,0
146.0542003177258,2.6282655426232666,0
38.322314094424456,2.5170138575356242,0
150.5949992958486,3.5496994941447895,1
132.4888096958387,3.3267851521923744,0
104.98772797149505,5.032130705426178,0
80.48779902226552,7.40512274033111,1
160.27025212276618,0.9919651502294906,0
50.03962646745206,5.491922729768199,0
150.2238779632429,6.311594383973941,0
39.32426272084911,7.942540236892722,1
176.37637606396888,5.179832216427056,1
194.85890951739367,6.260844611166491,0
189.12242790690163,6.592553590458383,1
83.05613532524882,6.425328065793472,0
97.85731400389905,5.2086294137702565,0
162.45826837206243,6.931908695004546,1
47.947380164834094,2.0921428467563503,1
123.8757256794381,2.5264416939967194,1
34.481688269495976,3.410729882760884,0
105.23492099023181,3.0454318151762383,1
114.74734016376503,4.206217312303341,0
18.76482741708834,4.319999454849697,0
123.11101397362765,1.9833420607213363,0
89.10233743234386,5.28902867319693,0
138.01063517651068,3.3888248633684874,0
121.18174488423303,5.816531999384114,0
102.54166131124059,7.753830274712346,1
143.77303852363355,6.431663567414594,0
127.71723336371322,4.09663184736314,0
49.942442447270594,5.504644969623607,1
-33.7940784878362,4.459453237246623,0
92.7851064494684,5.7854040067309676,1
97.68376455285463,7.018812096918852,1
117.44451047698945,3.929757151741919,1
158.96064712304957,6.8910185598569695,0
99.9592322860946,7.897857805147968,0
39.70927728885113,3.232863246902932,0
171.58925055372896,6.084371710850109,1
115.43719578593492,3.8650455978828715,0
135.93774383510623,7.207834222133416,0
44.02001197475185,6.219740222842507,1
90.6063124221919,5.51282737497554,1
65.1359554270816,4.055583293568938,0
134.39987246768382,5.262146848591988,1
122.53153814679654,5.152843766944652,0
133.53976243666415,6.8920082145930595,1
140.16050215167039,5.336665115521751,0
29.67169825023241,6.151816306639529,0
118.0492306711968,6.101167582721241,0
226.63928341365016,6.227576637624599,0
28.87023284783129,4.919126954137316,0
139.75030207754767,4.475454723710966,0
67.29993236399616,6.37397641169061,1
142.38176014613455,5.0586480782474625,1
102.6929600408463,5.224365635812398,1
95.07094006291257,4.242746250528256,0
23.234179968652853,4.843847901815669,1
252.50296136202664,6.2156369436443,1
118.17551416017636,3.368727077104941,1
177.46365369042928,4.519963708137603,0
160.20191109690487,2.5262436455904558,1
50.658088176292814,4.4031526197540805,1
121.2813457894855,7.40278184764812,1
-43.390591583862175,6.611779021536318,0
135.5230393803386,5.922313730439228,1
9.675044749828317,5.861342095035818,0
48.409502458053744,3.21355876472064,1
95.55613607623593,2.981646575875671,0
171.5115689149508,4.294323122689227,1
125.9726915537963,3.928346592907097,0
86.93685872713029,2.435657026022488,0
169.14718162331062,6.87980134064586,0
108.37189891150095,6.872984408653147,0
112.38672963379136,5.086959780236898,0
126.96781491733367,7.060605762802735,0
-23.13108440092992,4.9059552917018525,0
195.70570898025088,4.103292164320121,1
66.31636300466101,7.733557177403442,1
138.89772535738084,5.80025867094171,1
144.71415742034048,9.241378619377617,1
147.9610817570661,7.205518111337394,0
7.861350381561337,3.5267394392288516,1
104.82971734482983,3.50993140664771,1
166.93827201113993,4.142231437686603,0
123.86091450682709,6.9239191571784255,1
129.50016312650558,4.879350194974659,0
147.79914555848075,1.2835351033284454,0
96.88210776326952,6.1229787099448965,0
139.86262326611518,5.076492920192123,0
107.97441763183802,8.919296414124974,0
59.39470370524368,6.28746782050753,0
25.81375425276194,5.249382206295395,1
89.15956645297145,3.777633608246152,1
49.098923914258144,7.697609098450805,1
147.24724758577185,4.525317300715173,1
83.2426940307437,6.943105872741392,0
179.68521968629676,8.540879404570509,1
54.589898764752846,5.682719853938617,1
103.86529845232721,7.956025448919888,1
56.73122887145904,6.499547916007617,0
188.28311183374396,6.720273421310782,1
114.30988534688014,3.797886836724425,1
-5.968149256375895,3.085126648608627,0
175.3589172420584,7.316517522813376,0
141.39203748347745,0.3872826646259444,1
67.53236040039727,4.651091165529716,1
143.30226019996687,3.568133583312157,0
115.61994210598478,5.938175113976016,0
87.37810015048791,4.422917840192335,0
121.47232054187852,3.2807699523039293,0
86.16522818698778,6.673225148664463,1
44.4296584558225,4.12835445247595,0
57.397540736976914,9.46622392644407,1
133.7153447906005,4.630927788793074,0
46.67225355696851,6.418474276846823,1
111.78040719367417,6.363501582813292,1
182.83130972791065,7.376590775299399,0
74.96271530278413,3.3565337432559588,1
107.74083023909675,4.618844717825013,0
40.84990981635256,4.3862348622885765,0
105.53591799774844,6.2285602042900265,1
142.6905363141029,6.317478302110956,1
81.10107684039055,5.890267436329844,0
-4.409046297415387,7.2297450531460115,1
215.5563710157586,3.023940012700301,0
95.14689802538567,12.169588709672396,0
161.9665523842813,12.342260396092637,1
199.62244373491905,2.168757118014893,1
89.83108918167906,2.7073004302975963,1
166.90050865864734,4.8689919146982055,1
36.38381979267496,7.198132163526573,0
132.31733904535238,6.90335422689644,1
88.78419678727094,7.4651170121566555,1
106.62669605338468,8.440972400817945,1
120.16844949551461,3.5341133151335704,0
67.4339523438466,3.919150558905999,0
50.862173495741345,1.6404310509964266,1
16.13480950272009,8.276824762840608,1
149.29962587253954,4.367137778247786,1
167.3077419496979,4.452239763260116,1
132.43147556275642,6.424990729332983,1
34.90710688394179,4.611847148488588,1
79.41813664728626,3.4072031865769463,0
189.94490889951135,4.5640095955206945,0
91.88986554628845,5.689514419917209,1
-21.59134895004952,1.911876094633799,1
67.12134506988471,4.152300716460777,0
9.207265217117737,5.5707346007479135,0
79.80745894220593,7.57360417167013,1
194.69389250127915,7.092615162697061,0
99.05486360552432,6.722365889473942,0
86.82099339559954,5.882771177190024,1
174.9540658135149,6.554566753763859,0
82.37049953712562,2.8345879803054634,0
36.858968699175435,3.605014781786566,1
128.4111415546485,5.8698430709081215,0
201.5321405238471,4.478024429155556,1
89.28857136849915,2.43601603069842,0
39.3775384400336,2.456652903550213,0
140.60023559145856,4.767681456170648,1
4.000693749308837,7.758873734722979,1
79.50092430765426,3.70931592532705,1
54.28708642901884,4.229075143374728,0
132.92572204830284,4.474144920375796,0
33.26533587995314,4.775227495481166,1
129.9691039029499,7.545200214077763,0
72.08889273769738,1.0602274583831899,1
63.690059799178215,2.5076892303711538,0
64.96201322747629,0.2224061100102066,1
129.36602474635123,3.635867601833019,0
80.60094493652102,2.4926080751244615,0
121.44388155145694,3.610117935090332,1
101.98056207457554,3.016815554857099,1
67.90539195216363,5.899762028394043,0
64.08710920258463,2.0485928866952023,0
140.63494523367484,0.38317693882604775,0
76.32378417182845,6.028266059839577,0
81.72192044398405,4.169248500362005,0
83.9015508855676,7.15910333903153,0
132.04972879812146,3.1941019313988486,0
75.2703072870815,1.400918410035155,1
114.50487706413185,7.912724364489188,1
89.68072398782809,6.063034431355597,0
200.07405332124625,2.1897176748859017,1
75.8240278728424,6.622468016100513,1
100.97147223833969,3.1566533642766146,0
81.90637518614886,3.3787416093535256,0
157.9720242489561,1.6078984895998478,0
86.6504344778349,6.381723168070074,0
58.6415535866142,4.982180146340669,0
65.55912664605964,7.80676989277948,1
107.7933868747387,5.0383199947281385,1
133.00038121639952,6.243051410152667,1
78.99795345326092,1.9640967947395582,1
171.44129666124215,8.939033388480848,1
80.39762078387702,7.059834245761328,0
69.04765034685708,5.5960616946013175,1
180.74145287377766,5.196364167675214,0
94.93419176234667,6.663562634265207,1
115.99730832090376,5.803725666290311,1
29.11103005696293,1.3497466820742527,0
98.35464163562732,6.353582504703063,1
104.47426175076724,7.691667385846225,0
133.5639320437421,6.471715914406811,1
108.58468570012913,2.7750505549617124,0
130.13329490928118,6.080287611418781,0
112.11599702090017,5.800476901316208,0
74.00356520487058,5.719498008818807,0
118.94115544537944,5.328694788669301,0
136.59445874348143,3.7923492224190647,0
122.76949611213512,9.290090799999273,0
148.05217695392602,4.06663640719745,1
70.92146887335487,7.323967554350368,1
44.346035905642914,4.121969704654877,1
92.69370192011064,4.47000074866274,1
90.30665644671078,7.585246085146145,1
162.01294328020163,4.04045074795041,0
126.2456820947323,3.9891205816778603,0
54.495769126820946,5.895994705137369,0
67.75817434262905,4.051582291574672,0
112.67261846344093,7.062540391086282,0
144.89295417141352,2.769795491812846,1
225.91285850315762,6.57426473769078,0
76.10073950875672,6.625425553218074,1
129.33488123938218,5.369159774433222,0
162.60677424329472,5.526454126502313,1
130.23474599648853,7.93181278843699,0
128.20171662849202,2.159526366542442,1
38.22902373533618,2.9775493572392495,0
76.54070456108101,3.477146539187628,1
163.56885586040394,5.687001261211184,0
66.15475899910606,7.176739846280185,1
222.1460165876149,2.2926386503003777,0
26.640214709870577,7.664382758697146,1
99.83157495907204,6.019059225648251,0
92.70366290601362,4.386872017297875,0
174.08906370188095,4.101351303391814,0
219.62711024540866,1.8651169057685277,0
50.7928758576937,7.635049981600608,0
137.53504702204748,5.004740354543544,1
150.68934006144224,5.395295767519715,0
56.4199076362823,2.9788456577031757,0
100.62270721596181,4.9907611645593235,1
-6.169889942985748,5.660877695188884,1
110.33371950975523,6.581250185498459,1
-0.46828946573475605,2.6420404029864475,0
70.9928902324756,5.977277265450629,0
231.428264949302,1.4144952026221564,1
79.31634682636309,2.6450185882164363,0
113.86509123785233,3.722165785883459,0
39.3178181945377,4.7398745315726964,0
82.38367707408683,4.178225067750704,1
67.32080506746988,4.73759418822531,0
60.68491175579664,6.226115102842727,0
140.36036954065253,6.130552560138591,1
115.42399381138264,6.242664264652693,0
75.26027219477295,6.5191263407755144,1
66.7839556633831,5.441776745200499,0
127.01500844167734,6.3703834478807835,0
78.43779360073904,7.001199961278151,0
115.86070122125746,6.101768699105269,0
119.3066075571717,6.438188813065598,0
46.05686954221482,5.620609511522129,1
16.474791265437943,6.160178600203676,0
0.13144012744255917,2.6400855873266478,1
108.80462790765019,7.487942579351427,1
110.11596174630269,3.1001837408618487,1
55.44139779622641,5.828392930563893,1
150.06560524419294,5.1681525305405005,1
85.45945771506531,0.5539127321657036,0
181.9927305162462,4.133411416778218,0
99.91205711303552,5.533630805785885,0
99.17270231504652,7.283585316626747,0
112.99413712058686,8.503892626680074,0
113.49442729588877,2.443641399833046,0
181.90173451112193,6.482903723945466,0
99.48803430355828,0.48029812036708197,0
93.24943731809019,4.243092494973415,0
7.102065268709296,4.557843921158167,0
68.42364245297215,7.750704652390768,1
132.84990037152252,5.516537210214014,0
61.946213143715994,2.138390979148432,1
85.44940365170686,4.450151094701178,1
166.86827553552874,4.221842473150427,1
100.80876399883368,4.634983421222326,0
20.074929475051178,5.875280613821209,0
152.6595320560321,3.79685511501839,1
82.44579977938119,10.307750783254637,0
43.25195560370304,4.617039558653193,1
69.79655958194681,4.6392535016054595,1
162.40734622699497,2.879846969322194,1
147.4718216958643,5.172516638523441,1
74.41198678424226,3.4517362813130683,1
91.31093120494182,-0.4871822174482352,1
146.66438320045108,7.281874246074698,0
164.52891530143833,6.02504655378365,1
114.97197318707558,3.196300209843656,0
133.95733532118072,5.871166719746124,0
14.148789571003661,7.216763678435778,1
60.79477802628077,3.057761502546945,0
81.55378152512174,1.9490591445183458,1
124.46198752224407,3.024065905668374,1
-52.221481556971696,7.11709038059621,1
10.741328977770323,6.145940964222717,1
94.40039463938787,3.8308864397432334,0
173.91930407001178,5.250924981192613,1
1.71983567844201,10.70730180638039,0
155.3119109257421,4.968077081704516,0
83.71961846113852,6.056960390653179,1
192.1854367195834,6.481273654821563,1
74.3117334710183,3.1628948665478385,0
65.25581792408306,7.05393512222083,0
115.31880998773822,9.286762897344543,1
64.7995990215036,3.41629375970434,0
70.74790273829906,3.877527417207138,1
108.73600812095,3.4622647870843783,0
9.808293086952375,8.319316775446332,1
78.23062499820062,2.6003026885501757,1
114.23378218999481,5.301863605997572,0
45.94614296430811,3.63363131002804,1
45.66754710848955,3.9144707072704517,1
57.63500990842721,7.11962589362746,1
111.0549451975129,3.6377578621580278,1
107.42606060427536,5.0532289108679596,0
80.88850399778647,7.320088765637529,1
224.2727853752453,6.597091779466641,0
37.262147148039794,3.52290067996592,0
91.241263145298,5.062726986849532,1
160.51639378011458,5.009522983392816,0
90.53297022434433,7.101467593647701,0
97.56685332674637,4.340066599025975,1
68.67141753292715,6.243758139439803,0
133.6739462493104,8.138323322089857,0
119.07431924365096,4.050805102796157,1
147.57193299115647,3.9074076725515106,1
13.651971061261108,4.8158724994014825,0
122.40626122914077,3.884544742488323,0
130.9234552167808,5.292842259481147,0
94.06473050712394,5.6430727291865,1
155.69238115971592,6.290987858808039,1
95.88812401584181,1.4503955266722248,0
126.0931904915411,4.891799649763489,0
66.75382510859177,5.055036896306008,1
85.5445675524343,5.997617346367296,1
99.45132353000409,0.236235965850633,0
174.7566447695629,3.6285891958193766,0
10.911623077117227,6.980775070086608,0
115.20712179682899,9.775512092267526,1
223.5566389097089,6.463079197928379,0
-40.76407138808466,1.6907640742118235,1
127.71711765207334,2.7061025215760326,1
31.46091913552057,5.9899511867811315,1
57.228381185402476,4.988456776486955,0
67.59458846564995,2.3790041418673518,0
141.3149638670398,5.11012041459142,0
41.22427849595337,2.587413671215888,0
39.14364873477706,6.2726394841579545,1
57.13386760416376,6.382374733396317,1
56.105343630547566,4.615158915401619,0
137.79475021608795,6.880379211441487,0
111.96275205284485,3.0927918684670006,1
71.90180576144763,3.1997563878249586,1
49.454514301174314,3.4504790091714215,0
86.48182987409282,4.929174963453349,1
110.02093970610655,5.588303937760672,1
127.93774976392484,4.452513118998425,0
145.63661621296106,5.436756935899866,1
91.06988176223251,4.719622827891621,1
124.53834032246414,5.013686229989886,1
60.087768773953165,5.833521561683066,1
141.12462765572477,1.908918107045313,0
131.29940123048692,7.105607619421743,1
96.80894884306545,5.725615305731434,0
69.03654380201183,5.782082100496821,1
165.88049856849585,9.782005738825823,1
87.77781235084419,1.5494911302363006,0
-5.616641051119856,6.945374550877357,0
203.58115539289236,7.144879622767011,1
118.25748556601931,5.986060420925048,1
53.171942902613466,5.48608681572887,0
110.05331375618539,6.776407626383026,1
114.64912092907768,2.8873056943566846,0
120.60751709440186,6.857041390668776,1
177.562355736483,3.865501321712219,1
65.52945678160815,3.874585688447942,0
15.188073830218173,6.100674072716345,1
105.2446425363772,6.623439781961665,0
68.3163262852766,3.0570066012560524,0
0.7244586767759955,2.811559555287986,0
91.47991797072564,3.9744971176583537,0
59.85526546458054,5.5288079832921255,1
56.235639228991644,7.19234708385644,0
144.82576703356946,4.1814691901595085,1
140.44486566065984,4.973956151003269,0
32.83934439698197,4.906598613712774,1
97.82823826986623,3.6162096195327766,1
82.74427364066324,6.932993052876993,0
18.916579574728686,8.077583172089286,1
42.828143426321894,2.9286521372514187,0
93.3158295887823,5.226384305529288,1
139.23749712671923,4.304344547394656,0
89.41451858430429,2.609384593194981,1
106.89266867824456,7.460545800938396,0
71.63838798633508,2.892430753943234,1
114.75499567576249,3.5662790565997957,0
133.23819306389828,6.804347204053597,1
97.6283359974263,4.446917214100706,1
103.30056819461412,6.3286751663602665,0
29.42351366349571,6.012560490480652,1
102.51779856339229,3.6675421032891506,1
169.01505909191445,2.064746952425445,1
57.335672181701156,5.495053654780397,0
21.522813686575432,4.481406498416852,1
95.54354774169386,1.026979773303636,1
139.37332264839392,4.363084470169095,1
50.52803192728671,5.074664079577965,0
77.48901629154037,5.1482228443661855,1
111.43966961711963,4.473074628227277,0
104.82095842812247,7.150323509610344,1
95.48652559514227,5.417580138357037,0
138.78349158496988,3.685748529083048,1
89.28535373099785,6.504471169652771,1
54.62549649832726,6.233228083109861,0
165.3390529646748,6.782105369620287,0
147.62271114653518,6.079947852593683,0
187.94039585240276,5.884470133983877,1
88.23055900017494,6.831894933755353,0
115.4214036367145,3.3552202447993826,0
71.91780041934473,9.612060100348597,0
178.09082493732421,4.151585980277931,1
124.83514632367607,4.202233918294244,1
42.3025694523358,6.747570545142668,1
165.35277825320247,4.139148005958895,1
104.67344471287936,3.9915295520862584,0
120.63801828139012,3.4740093852607226,1
68.74826382991672,3.193594881480524,0
124.8722043083871,6.439026544550299,1
142.58907283050274,4.254389824865411,0
15.651305794268367,3.9483697410312804,0
144.68668507207386,4.638910574369317,0
18.54024442335816,3.9392090472295656,1
39.618946603535655,5.72574171375603,0
133.78818898569344,6.528049023486595,0
54.12591649544196,4.318593779440515,0
89.67722295022287,4.464441162277797,1
106.62703832926013,4.300083391398044,1
93.08647853509132,7.953572030130081,0
112.54108705552275,6.447405283529991,1
135.08813390087192,3.1417058885020537,0
93.57971919958811,4.321933759862375,0
152.24782978180073,7.999045530404596,0
172.5085830808315,6.964010803440442,1
102.67509875023715,5.881118309191072,1
134.53248185261626,8.585143125112484,0
56.51629019118461,8.0067464777152,1
230.37810024613404,3.4287841137540513,1
61.87088122141272,5.433220455821529,0
155.76191985922577,5.329818523676314,0
175.52821887639695,4.622313719770824,1
37.987489579091225,6.863489478628284,1
142.06415582507248,3.3730660991757295,1
112.13466198760538,4.620026022488211,1
147.98295606672838,3.865168507419064,1
217.2352056003175,6.612233858003556,1
121.49529316140519,5.447514404369551,1
139.06095504498512,7.31870312380121,1
78.6452063826401,5.374230712964508,1
115.12292968044355,2.679328350945971,1
84.52618387591014,7.289430832026906,1
44.96344207184746,6.673614059175463,1
174.2525586118811,2.673128384671776,0
108.227814989133,4.624530617531378,0
7.799912262715708,4.702539069344076,1
91.59196507359236,3.0163179904931328,1
118.15511471306509,3.5188958253725047,0
81.43353254910447,7.0903585071458375,0
46.069941082603236,5.024067751907422,0
94.3397298349657,2.984381242475285,1
126.3951248701589,5.468810984456262,0
114.30067142823908,5.029126000296495,1
91.42639014791649,7.388014267077145,0
49.16212070863454,7.212555185200468,0
131.7185942478321,3.8130200278901047,0
58.65793901698708,3.7738332599327196,1
91.56617949358522,6.544728869651966,1
71.76357270154273,5.583021129689079,1
149.35353719175222,7.503693740538008,0
96.90037855437511,1.0978737107746648,0
97.88022020770741,6.253836260492191,0
74.98240119601246,6.187520628588219,1
114.36125130416781,4.959384485784631,0
106.08836944806804,6.08383818599431,1
195.66764304426357,1.5537538395107213,0
145.45326682107162,9.063885915709896,1
141.1996515062067,3.7130551127349785,0
-11.09345575646239,5.763727023317635,1
86.67903126669863,8.083165707358521,1
75.58377069191067,4.036943217398075,0
1.4991723206203318,5.147330332780009,1
141.2893849674205,4.950066091254659,0
72.1246786886095,6.812196903077517,1
172.79904773850348,5.833061049229675,0
128.76915558294365,4.746498815439882,0
198.9327277679144,4.6322780995027975,1
155.25804766406603,1.7763729041059122,0
152.82502641013434,4.700077588915386,0
152.12806767373309,6.667981179084002,1
39.56571552506121,3.0098056544722036,1
149.4291595497001,4.000949692703844,0
106.27276754593636,4.096238624655492,1
91.12552723080995,5.25590962568319,0
145.95603463161171,9.015920608675735,0
65.4380688270628,2.6282305334177174,1
123.60556219604118,6.052018209456992,0
109.515620266458,2.614439357198559,1
98.64852916354853,8.712690325784786,0
57.49632044979873,7.436543417807843,1
39.92106992541827,2.3838244979952568,1
234.6517942064959,4.094699813930158,1
94.63941647889513,7.359783634562291,0
-65.34676799814022,2.789615881910606,0
65.95477593966146,6.807937245744265,0
92.48036981810887,3.617035586765758,1
12.117866497608887,7.474299952087188,1
131.18036787265822,4.677709310490296,0
107.16996446463607,7.878845501870741,0
91.44894948297717,5.944366024479914,1
181.73566080670787,5.172896899168063,1
77.54609760867665,2.3683062414303593,1
111.359344542927,4.275905392040551,1
129.75428297070277,3.9775895925092697,0
80.40221073412316,3.8588161637225564,1
192.68897529276597,5.689660948700787,1
241.08688840210556,7.606008409786979,0
0.7938382145432001,5.484458463084427,1
41.30380224352852,1.1536727136090823,0
30.824007347141986,3.091698186560113,1
154.40673177633732,7.677813646334069,1
140.85781998296358,7.778786610802994,0
164.3334261186897,7.294429375024361,0
132.9659892264431,4.556395714853667,1
117.65417916380107,7.14373353879044,0
84.70359395637121,5.925410945190381,0
49.10110482542829,4.196628836983178,0
69.8205455124653,7.814219175005698,0
25.132388978030647,3.7804753612021456,0
71.61580115723804,5.5057449124786055,1
182.69086811033603,2.6065917813619506,1
145.1291549796514,3.652137869515797,0
143.92700721536286,6.348976165696164,0
106.0695325685393,4.342668206357697,0
26.619920251149054,4.129455565577395,0
102.38545323467272,3.3674232428042625,1
100.56976864313732,4.162150240903148,0
108.92478898844882,4.5090754765130034,1
55.72997298993278,4.439361747763804,0
26.38237332225947,1.5708881933726424,0
222.90214902453437,5.765031345897883,1
96.93778194070372,5.082776404281082,1
95.82934421485315,2.1368868450711176,0
101.21339801594607,3.1864006352347305,1
165.71055425525947,3.9591471629360573,0
42.4260854402598,3.29228160336593,0
147.9746138626732,2.6797144592489386,0
206.56558228734752,1.7435236484897576,0
62.29520855494141,5.376529559666988,0
127.90991679537072,1.852909190101414,0
86.20471641530457,5.005055061134883,1
-23.67086104986265,4.434368928784594,0
101.5067043328401,6.673536090986796,0
116.06753731183707,3.29241612374147,0
63.56566708279993,7.215220278707744,0
102.27841806060366,7.117854561197047,0
164.53198760671668,5.001318099956987,1
155.80782626103394,7.2418904740570875,1
153.82870191454992,3.138194745452693,1
185.14047295537972,2.947958241718262,0
153.2891779018866,5.525667587891584,0
98.79123957267763,3.2944348655153353,1
52.59939124367623,2.2218331344793767,1
65.64049462602304,4.663139596051309,0
5.133508615456293,6.578934786553139,0
115.68121993169586,8.391312196447725,1
86.2398793691278,5.370805945354266,1
88.03474100906287,5.36229483740685,1
74.99446682494425,10.146543978657686,0
117.11611498726182,3.982054918433297,0
93.45935717962735,1.915813581585677,1
25.25728748855282,6.688761549614589,0
22.093102062576406,4.548160300335763,0
174.52310235182216,2.7846383197080544,1
163.41739733792815,5.003746274542169,0
-4.497598827267879,2.4380352693877514,0
93.98910667383191,5.1004324324721955,0
50.44820496132223,4.474339565806293,0
86.07469740474919,1.8030419971140366,0
40.952889984546715,6.83678216381638,0
105.03262777669623,5.817569387520078,0
155.86313575914022,5.34562848685402,0
110.91833154192773,4.8348044906332275,0
158.2893856151902,4.748276629315482,1
49.585606522656875,5.711882038928443,0
142.92404026728596,5.992207665096364,0
67.2086730204042,6.910031246617826,0
151.08299523620394,7.297365226096067,1
6.261370830272966,4.8064074441251545,1
16.858185665423193,3.824273558541236,1
26.156214256108058,4.762877131108259,1
120.11565559603416,6.135633268656832,0
29.61155652413342,5.769508719818006,1
113.68283183265457,3.8410486249139373,0
0.09839409234378138,6.679103916494105,1
107.21788723143767,5.577933112011716,1
51.84610672725991,5.171554092324988,0
228.98689033895266,4.450204906804035,1
65.37578269269503,7.720818316801072,0
29.42270271480298,4.882657339903646,1
63.647665673434645,8.063557286242926,1
81.05729650421074,5.613246660579849,0
82.43056579903705,3.4150463779541678,1
132.22443892523575,2.8817144369693333,0
124.43835519440162,4.1997200312011,0
36.86625749211002,2.4184563047313934,1
