timestamp,file_path,file_size,entropy,event_type,file_extension,label
1758868599.972804,iot_test_files/attacked/system_log_2.log.encrypted,82,6.177614352152679,created,.encrypted,1
1758868599.9733458,iot_test_files/attacked/system_log_2.log.encrypted,82,6.177614352152679,modified,.encrypted,1
1758868599.97358,iot_test_files/attacked/system_log_10.log.encrypted,83,6.124980545778696,created,.encrypted,1
1758868599.973772,iot_test_files/attacked/system_log_10.log.encrypted,83,6.124980545778696,modified,.encrypted,1
1758868599.973948,iot_test_files/attacked/log_1758867994_5521.txt.encrypted,113,6.375358940233871,created,.encrypted,1
1758868599.9741147,iot_test_files/attacked/log_1758867994_5521.txt.encrypted,113,6.375358940233871,modified,.encrypted,1
1758868599.9742868,iot_test_files/attacked/backup_data_3.dat.encrypted,244,7.079148378631878,created,.encrypted,1
1758868599.9744444,iot_test_files/attacked/backup_data_3.dat.encrypted,244,7.079148378631878,modified,.encrypted,1
1758868599.9746308,iot_test_files/attacked/config_device_0.cfg.encrypted,154,6.7340651120110975,created,.encrypted,1
1758868599.9748228,iot_test_files/attacked/config_device_0.cfg.encrypted,154,6.7340651120110975,modified,.encrypted,1
1758868599.9749978,iot_test_files/attacked/config_device_16.cfg.encrypted,112,6.4010176452332495,created,.encrypted,1
1758868599.9751651,iot_test_files/attacked/config_device_16.cfg.encrypted,112,6.4010176452332495,modified,.encrypted,1
1758868599.9753435,iot_test_files/attacked/system_log_14.log.encrypted,195,6.927692749580497,created,.encrypted,1
1758868599.9756057,iot_test_files/attacked/system_log_14.log.encrypted,195,6.927692749580497,modified,.encrypted,1
1758868599.9757814,iot_test_files/attacked/sensor_data_9.json.encrypted,111,6.3844178933381635,created,.encrypted,1
1758868599.9759395,iot_test_files/attacked/sensor_data_9.json.encrypted,111,6.3844178933381635,modified,.encrypted,1
1758868599.9761114,iot_test_files/attacked/system_log_6.log.encrypted,181,6.93067710250499,created,.encrypted,1
1758868599.9762795,iot_test_files/attacked/system_log_6.log.encrypted,181,6.93067710250499,modified,.encrypted,1
1758868599.976462,iot_test_files/attacked/backup_data_11.dat.encrypted,257,7.1367627554838196,created,.encrypted,1
1758868599.9766734,iot_test_files/attacked/backup_data_11.dat.encrypted,257,7.1367627554838196,modified,.encrypted,1
1758868599.976928,iot_test_files/attacked/log_1758867885_4442.txt.encrypted,169,6.8099072292944465,created,.encrypted,1
1758868599.9771361,iot_test_files/attacked/log_1758867885_4442.txt.encrypted,169,6.8099072292944465,modified,.encrypted,1
1758868599.977292,iot_test_files/attacked/log_1758867763_6458.txt.encrypted,169,6.813398888855292,created,.encrypted,1
1758868599.9774342,iot_test_files/attacked/log_1758867763_6458.txt.encrypted,169,6.813398888855292,modified,.encrypted,1
1758868599.9775734,iot_test_files/attacked/READ_ME_FOR_DECRYPT.txt,194,5.04171491120636,created,.txt,1
1758868599.9783745,iot_test_files/attacked/READ_ME_FOR_DECRYPT.txt,194,5.04171491120636,modified,.txt,1
1758869688.2771435,iot_test_files/attacked/log_1758869531_6841.txt.encrypted,169,6.814964939189554,created,.encrypted,1
1758869688.2775235,iot_test_files/attacked/log_1758869531_6841.txt.encrypted,169,6.814964939189554,modified,.encrypted,1
1758869688.2779076,iot_test_files/attacked/system_log_2.log.encrypted,82,6.089259321691258,modified,.encrypted,1
1758869688.2781363,iot_test_files/attacked/system_log_10.log.encrypted,182,6.8476904342238845,modified,.encrypted,1
1758869688.2783008,iot_test_files/attacked/log_1758869579_5287.txt.encrypted,113,6.36434024556275,created,.encrypted,1
1758869688.2784507,iot_test_files/attacked/log_1758869579_5287.txt.encrypted,113,6.36434024556275,modified,.encrypted,1
1758869688.2786307,iot_test_files/attacked/log_1758869107_6466.txt.encrypted,113,6.459516241157119,created,.encrypted,1
1758869688.2787905,iot_test_files/attacked/log_1758869107_6466.txt.encrypted,113,6.459516241157119,modified,.encrypted,1
1758869688.27899,iot_test_files/attacked/backup_data_7.dat.encrypted,330,7.391842953879219,created,.encrypted,1
1758869688.279173,iot_test_files/attacked/backup_data_7.dat.encrypted,330,7.391842953879219,modified,.encrypted,1
1758869688.2793086,iot_test_files/attacked/log_1758867897_1579.txt.encrypted,113,6.39305805527812,created,.encrypted,1
1758869688.279501,iot_test_files/attacked/log_1758867897_1579.txt.encrypted,113,6.39305805527812,modified,.encrypted,1
1758869688.2797897,iot_test_files/attacked/config_device_12.cfg.encrypted,142,6.549154073623387,created,.encrypted,1
1758869688.2799542,iot_test_files/attacked/config_device_12.cfg.encrypted,142,6.549154073623387,modified,.encrypted,1
1758869688.2800822,iot_test_files/attacked/sensor_data_5.json.encrypted,55,5.599541531706474,created,.encrypted,1
1758869688.280203,iot_test_files/attacked/sensor_data_5.json.encrypted,55,5.599541531706474,modified,.encrypted,1
1758869688.2803707,iot_test_files/attacked/backup_data_3.dat.encrypted,287,7.2896539109496175,modified,.encrypted,1
1758869688.2805045,iot_test_files/attacked/log_1758869422_4214.txt.encrypted,113,6.410757170322368,created,.encrypted,1
1758869688.2806344,iot_test_files/attacked/log_1758869422_4214.txt.encrypted,113,6.410757170322368,modified,.encrypted,1
1758869688.2807739,iot_test_files/attacked/READ_ME_FOR_DECRYPT.txt,194,5.052024189556877,modified,.txt,1
1758871085.966898,iot_test_files/attacked/log_1758867897_1579.txt.encrypted,113,6.315581174727997,modified,.encrypted,1
1758871085.9671986,iot_test_files/attacked/log_1758870577_1277.txt.encrypted,113,6.413099316397502,created,.encrypted,1
1758871085.9674907,iot_test_files/attacked/log_1758870577_1277.txt.encrypted,113,6.413099316397502,modified,.encrypted,1
1758871085.9677846,iot_test_files/attacked/backup_data_7.dat.encrypted,373,7.457211034621199,modified,.encrypted,1
1758871085.967997,iot_test_files/attacked/log_1758869107_6466.txt.encrypted,169,6.78682951018267,modified,.encrypted,1
1758871085.9685676,iot_test_files/attacked/backup_data_11.dat.encrypted,412,7.41992223750638,modified,.encrypted,1
1758871085.9688487,iot_test_files/attacked/log_1758869252_3575.txt.encrypted,113,6.382039360607,created,.encrypted,1
1758871085.9690742,iot_test_files/attacked/log_1758869252_3575.txt.encrypted,113,6.382039360607,modified,.encrypted,1
1758871085.969284,iot_test_files/attacked/log_1758869095_2127.txt.encrypted,169,6.865202956915431,created,.encrypted,1
1758871085.969477,iot_test_files/attacked/log_1758869095_2127.txt.encrypted,169,6.865202956915431,modified,.encrypted,1
1758871085.9697282,iot_test_files/attacked/backup_data_19.dat.encrypted,300,7.3249127439478485,created,.encrypted,1
1758871085.96996,iot_test_files/attacked/backup_data_19.dat.encrypted,300,7.3249127439478485,modified,.encrypted,1
1758871085.9701679,iot_test_files/attacked/log_1758870699_1591.txt.encrypted,169,6.921473814929197,created,.encrypted,1
1758871085.9703634,iot_test_files/attacked/log_1758870699_1591.txt.encrypted,169,6.921473814929197,modified,.encrypted,1
1758871085.9705539,iot_test_files/attacked/log_1758870904_7959.txt.encrypted,113,6.4528358207839895,created,.encrypted,1
1758871085.9707787,iot_test_files/attacked/log_1758870904_7959.txt.encrypted,113,6.4528358207839895,modified,.encrypted,1
1758871085.9709935,iot_test_files/attacked/READ_ME_FOR_DECRYPT.txt,194,5.033932565823232,modified,.txt,1
1759602939.6361198,iot_test_files/attacked/config_47_1759597531.txt.encrypted,101,6.267025591619833,created,.encrypted,1
1759602939.639384,iot_test_files/attacked/config_47_1759597531.txt.encrypted,101,6.267025591619833,modified,.encrypted,1
1759602939.64016,iot_test_files/attacked/config_23_1758884727.txt.encrypted,134,6.551017921736478,created,.encrypted,1
1759602939.6411095,iot_test_files/attacked/config_23_1758884727.txt.encrypted,134,6.551017921736478,modified,.encrypted,1
1759602939.6421025,iot_test_files/attacked/system_log_2.log.encrypted,138,6.7552281705306045,modified,.encrypted,1
1759602939.6423376,iot_test_files/attacked/config_35_1758884282.txt.encrypted,58,5.754532719265502,created,.encrypted,1
1759602939.64318,iot_test_files/attacked/config_35_1758884282.txt.encrypted,58,5.754532719265502,modified,.encrypted,1
1759602939.6454146,iot_test_files/attacked/log_1758869579_5287.txt.encrypted,113,6.435136705739743,modified,.encrypted,1
1759602939.6492357,iot_test_files/attacked/config_16_1758884595.txt.encrypted,172,6.834552908708956,created,.encrypted,1
1759602939.650449,iot_test_files/attacked/config_16_1758884595.txt.encrypted,172,6.834552908708956,modified,.encrypted,1
1759602939.6524367,iot_test_files/attacked/config_25_1759597435.txt.encrypted,139,6.539593410759627,created,.encrypted,1
1759602939.6549747,iot_test_files/attacked/config_25_1759597435.txt.encrypted,139,6.539593410759627,modified,.encrypted,1
1759602939.656061,iot_test_files/attacked/config_25_1759597423.txt.encrypted,58,5.4656553485385455,created,.encrypted,1
1759602939.6577258,iot_test_files/attacked/config_25_1759597423.txt.encrypted,58,5.4656553485385455,modified,.encrypted,1
1759602939.6591637,iot_test_files/attacked/log_1758870904_7959.txt.encrypted,113,6.368678519860743,modified,.encrypted,1
1759602939.661502,iot_test_files/attacked/config_8_1759597543.txt.encrypted,96,6.152569011092755,created,.encrypted,1
1759602939.6619976,iot_test_files/attacked/config_8_1759597543.txt.encrypted,96,6.152569011092755,modified,.encrypted,1
1759602939.6624637,iot_test_files/attacked/log_1759602647_8763.txt.encrypted,113,6.505933165916735,created,.encrypted,1
1759602939.6631148,iot_test_files/attacked/log_1759602647_8763.txt.encrypted,113,6.505933165916735,modified,.encrypted,1
1759602939.663384,iot_test_files/attacked/config_50_1758883889.txt.encrypted,266,7.260458458047978,created,.encrypted,1
1759602939.6642196,iot_test_files/attacked/config_50_1758883889.txt.encrypted,266,7.260458458047978,modified,.encrypted,1
1759602939.666187,iot_test_files/attacked/config_5_1758883853.txt.encrypted,210,7.070034981879713,created,.encrypted,1
1759602939.6717885,iot_test_files/attacked/config_5_1758883853.txt.encrypted,210,7.070034981879713,modified,.encrypted,1
1759602939.6727057,iot_test_files/attacked/config_16_1758884583.txt.encrypted,58,5.603586383021304,created,.encrypted,1
1759602939.6738956,iot_test_files/attacked/config_16_1758884583.txt.encrypted,58,5.603586383021304,modified,.encrypted,1
1759602939.6758683,iot_test_files/attacked/config_15_1758884703.txt.encrypted,195,6.93910589055067,created,.encrypted,1
1759602939.6815863,iot_test_files/attacked/config_15_1758884703.txt.encrypted,195,6.93910589055067,modified,.encrypted,1
1759602939.6833794,iot_test_files/attacked/config_device_16.cfg.encrypted,558,7.632468836851047,modified,.encrypted,1
1759602939.6839,iot_test_files/attacked/config_28_1758884535.txt.encrypted,139,6.5792320798555055,created,.encrypted,1
1759602939.6841557,iot_test_files/attacked/config_28_1758884535.txt.encrypted,139,6.5792320798555055,modified,.encrypted,1
1759602939.6844857,iot_test_files/attacked/backup_data_3.dat.encrypted,287,7.301535128838874,modified,.encrypted,1
1759602939.6856155,iot_test_files/attacked/backup_data_3.dat.encrypted,287,7.301535128838874,modified,.encrypted,1
1759602939.6859741,iot_test_files/attacked/log_1758869107_6466.txt.encrypted,169,6.8089320989016615,modified,.encrypted,1
1759602939.687173,iot_test_files/attacked/log_1758869107_6466.txt.encrypted,169,6.8089320989016615,modified,.encrypted,1
1759602939.687695,iot_test_files/attacked/log_1759594437_2526.txt.encrypted,156,6.6136458886092395,created,.encrypted,1
1759602939.68954,iot_test_files/attacked/log_1759594437_2526.txt.encrypted,156,6.6136458886092395,modified,.encrypted,1
1759602939.689782,iot_test_files/attacked/config_47_1758884198.txt.encrypted,96,6.347932422573623,created,.encrypted,1
1759602939.690219,iot_test_files/attacked/config_47_1758884198.txt.encrypted,96,6.347932422573623,modified,.encrypted,1
1759602939.6934474,iot_test_files/attacked/sensor_data_5.json.encrypted,55,5.672268804433746,modified,.encrypted,1
1759602939.6981008,iot_test_files/attacked/log_1759602792_8758.txt.encrypted,113,6.346641130518503,created,.encrypted,1
1759602939.6991687,iot_test_files/attacked/log_1759602792_8758.txt.encrypted,113,6.346641130518503,modified,.encrypted,1
1759602939.7012422,iot_test_files/attacked/config_46_1759598407.txt.encrypted,58,5.556088322639176,created,.encrypted,1
1759602939.7016695,iot_test_files/attacked/config_46_1759598407.txt.encrypted,58,5.556088322639176,modified,.encrypted,1
1759602939.702349,iot_test_files/attacked/config_25_1758884366.txt.encrypted,58,5.521605564018485,created,.encrypted,1
1759602939.7029827,iot_test_files/attacked/config_25_1758884366.txt.encrypted,58,5.521605564018485,modified,.encrypted,1
1759602939.704129,iot_test_files/attacked/config_46_1759598323.txt.encrypted,58,5.651084443403433,created,.encrypted,1
1759602939.704594,iot_test_files/attacked/config_46_1759598323.txt.encrypted,58,5.651084443403433,modified,.encrypted,1
1759602939.7048306,iot_test_files/attacked/log_1758869252_3575.txt.encrypted,156,6.717906545702127,modified,.encrypted,1
1759602939.7062852,iot_test_files/attacked/config_34_1758884306.txt.encrypted,96,6.26459908924029,created,.encrypted,1
1759602939.7066915,iot_test_files/attacked/config_34_1758884306.txt.encrypted,96,6.26459908924029,modified,.encrypted,1
1759602939.7072177,iot_test_files/attacked/config_31_1758884775.txt.encrypted,58,5.789015477886191,created,.encrypted,1
1759602939.7082963,iot_test_files/attacked/config_31_1758884775.txt.encrypted,58,5.789015477886191,modified,.encrypted,1
1759602939.709851,iot_test_files/attacked/log_1758870577_1277.txt.encrypted,156,6.761207106613431,modified,.encrypted,1
1759602939.7109807,iot_test_files/attacked/config_11_1758883901.txt.encrypted,248,7.138455332468342,created,.encrypted,1
1759602939.711504,iot_test_files/attacked/config_11_1758883901.txt.encrypted,248,7.138455332468342,modified,.encrypted,1
1759602939.7122166,iot_test_files/attacked/config_28_1758884655.txt.encrypted,58,5.651084443403432,created,.encrypted,1
1759602939.7131925,iot_test_files/attacked/config_28_1758884655.txt.encrypted,58,5.651084443403432,modified,.encrypted,1
1759602939.714145,iot_test_files/attacked/log_1759602514_3970.txt.encrypted,113,6.3997384756512465,created,.encrypted,1
1759602939.7149794,iot_test_files/attacked/log_1759602514_3970.txt.encrypted,113,6.3997384756512465,modified,.encrypted,1
1759602939.7165532,iot_test_files/attacked/log_1758867897_1579.txt.encrypted,113,6.435136705739743,modified,.encrypted,1
1759602939.7176406,iot_test_files/attacked/READ_ME_FOR_DECRYPT.txt,194,5.064727248560538,modified,.txt,1
1759603171.252002,iot_test_files/attacked/config_16_1758884763.txt.encrypted,101,6.3933116064927376,created,.encrypted,1
1759603171.2563732,iot_test_files/attacked/config_16_1758884763.txt.encrypted,101,6.3933116064927376,modified,.encrypted,1
1759603171.2573576,iot_test_files/attacked/log_1759602889_9861.txt.encrypted,113,6.357659825189623,created,.encrypted,1
1759603171.2577474,iot_test_files/attacked/log_1759602889_9861.txt.encrypted,113,6.357659825189623,modified,.encrypted,1
1759603171.2580173,iot_test_files/attacked/log_1759602864_8032.txt.encrypted,113,6.470534935828239,created,.encrypted,1
1759603171.2582574,iot_test_files/attacked/log_1759602864_8032.txt.encrypted,113,6.470534935828239,modified,.encrypted,1
1759603171.258602,iot_test_files/attacked/log_1758870699_1591.txt.encrypted,169,6.8607361669618,modified,.encrypted,1
1759603171.2601104,iot_test_files/attacked/config_25_1759597423.txt.encrypted,58,5.5346208657799245,modified,.encrypted,1
1759603171.262823,iot_test_files/attacked/config_28_1758884438.txt.encrypted,96,6.285432422573624,created,.encrypted,1
1759603171.264806,iot_test_files/attacked/config_28_1758884438.txt.encrypted,96,6.285432422573624,modified,.encrypted,1
1759603171.2684324,iot_test_files/attacked/config_9_1758884234.txt.encrypted,101,6.165395269773395,created,.encrypted,1
1759603171.2696416,iot_test_files/attacked/config_9_1758884234.txt.encrypted,101,6.165395269773395,modified,.encrypted,1
1759603171.2709491,iot_test_files/attacked/backup_data_3.dat.encrypted,287,7.309637665282402,modified,.encrypted,1
1759603171.2714822,iot_test_files/attacked/config_50_1758883889.txt.encrypted,266,7.162338663047562,modified,.encrypted,1
1759603171.2718573,iot_test_files/attacked/config_device_16.cfg.encrypted,558,7.593622873488373,modified,.encrypted,1
1759603171.2720144,iot_test_files/attacked/backup_data_11.dat.encrypted,412,7.512521295285393,modified,.encrypted,1
1759603171.2722192,iot_test_files/attacked/config_16_1758884595.txt.encrypted,172,6.886992152945312,modified,.encrypted,1
1759603171.2747831,iot_test_files/attacked/config_47_1759597531.txt.encrypted,101,6.164406502742604,modified,.encrypted,1
1759603171.2764904,iot_test_files/attacked/log_1759602792_8758.txt.encrypted,113,6.382039360606998,modified,.encrypted,1
1759603171.277684,iot_test_files/attacked/log_1759602792_8758.txt.encrypted,113,6.382039360606998,modified,.encrypted,1
1759603171.2790194,iot_test_files/attacked/config_47_1758884198.txt.encrypted,96,6.235902344426088,modified,.encrypted,1
1759603171.2799919,iot_test_files/attacked/config_47_1758884198.txt.encrypted,96,6.235902344426088,modified,.encrypted,1
1759603171.2805862,iot_test_files/attacked/log_1758871025_9434.txt.encrypted,281,7.248543925178614,created,.encrypted,1
1759603171.2815979,iot_test_files/attacked/log_1758871025_9434.txt.encrypted,281,7.248543925178614,modified,.encrypted,1
1759603171.2833407,iot_test_files/attacked/config_34_1758884306.txt.encrypted,96,6.215069011092754,modified,.encrypted,1
1759603171.284771,iot_test_files/attacked/config_34_1758884306.txt.encrypted,96,6.215069011092754,modified,.encrypted,1
1759603171.286579,iot_test_files/attacked/config_28_1758884535.txt.encrypted,139,6.710632529542488,modified,.encrypted,1
1759603171.2873766,iot_test_files/attacked/config_28_1758884535.txt.encrypted,139,6.710632529542488,modified,.encrypted,1
1759603171.2876027,iot_test_files/attacked/config_35_1758884282.txt.encrypted,58,5.500138107159235,modified,.encrypted,1
1759603171.2885315,iot_test_files/attacked/backup_data_19.dat.encrypted,300,7.190999745976992,modified,.encrypted,1
1759603171.292782,iot_test_files/attacked/config_16_1758884583.txt.encrypted,58,5.720049960644811,modified,.encrypted,1
1759603171.2937596,iot_test_files/attacked/config_16_1758884583.txt.encrypted,58,5.720049960644811,modified,.encrypted,1
1759603171.294098,iot_test_files/attacked/log_1759602514_3970.txt.encrypted,113,6.311242900430005,modified,.encrypted,1
1759603171.2953098,iot_test_files/attacked/config_42_1758884330.txt.encrypted,96,6.20209908924029,created,.encrypted,1
1759603171.2968063,iot_test_files/attacked/config_42_1758884330.txt.encrypted,96,6.20209908924029,modified,.encrypted,1
1759603171.2979596,iot_test_files/attacked/config_31_1758884775.txt.encrypted,58,5.6035863830213035,modified,.encrypted,1
1759603171.2984471,iot_test_files/attacked/log_1758870904_7959.txt.encrypted,113,6.530312701334111,modified,.encrypted,1
1759603171.299833,iot_test_files/attacked/log_1758870904_7959.txt.encrypted,113,6.530312701334111,modified,.encrypted,1
1759603171.3026848,iot_test_files/attacked/config_25_1758884366.txt.encrypted,58,5.603586383021304,modified,.encrypted,1
1759603171.3038073,iot_test_files/attacked/config_25_1758884366.txt.encrypted,58,5.603586383021304,modified,.encrypted,1
1759603171.30415,iot_test_files/attacked/config_28_1758884655.txt.encrypted,58,5.685567202024122,modified,.encrypted,1
1759603171.3051658,iot_test_files/attacked/config_28_1758884655.txt.encrypted,58,5.685567202024122,modified,.encrypted,1
1759603171.3061914,iot_test_files/attacked/config_8_1759597543.txt.encrypted,0,6.431265755906958,modified,.encrypted,1
1759603171.3077798,iot_test_files/attacked/config_8_1759597543.txt.encrypted,96,6.431265755906958,modified,.encrypted,1
1759603171.3090856,iot_test_files/attacked/config_3_1759598227.txt.encrypted,58,5.720049960644812,created,.encrypted,1
1759603171.3096495,iot_test_files/attacked/config_3_1759598227.txt.encrypted,58,5.720049960644812,modified,.encrypted,1
1759603171.3113437,iot_test_files/attacked/log_1759602647_8763.txt.encrypted,113,6.505933165916736,modified,.encrypted,1
1759603171.3117297,iot_test_files/attacked/log_1759602647_8763.txt.encrypted,113,6.505933165916736,modified,.encrypted,1
1759603171.312435,iot_test_files/attacked/log_1759594437_2526.txt.encrypted,156,6.677748452711804,modified,.encrypted,1
1759603171.3138611,iot_test_files/attacked/config_11_1758884294.txt.encrypted,96,6.285432422573625,created,.encrypted,1
1759603171.3148184,iot_test_files/attacked/config_11_1758884294.txt.encrypted,96,6.285432422573625,modified,.encrypted,1
1759603171.315396,iot_test_files/attacked/config_36_1758885126.txt.encrypted,58,5.720049960644811,created,.encrypted,1
1759603171.315896,iot_test_files/attacked/config_36_1758885126.txt.encrypted,58,5.720049960644811,modified,.encrypted,1
1759603171.3160925,iot_test_files/attacked/log_1759602768_6218.txt.encrypted,113,6.501594891618743,created,.encrypted,1
1759603171.3165145,iot_test_files/attacked/log_1759602768_6218.txt.encrypted,113,6.501594891618743,modified,.encrypted,1
1759603171.317171,iot_test_files/attacked/READ_ME_FOR_DECRYPT.txt,194,5.03833850897928,modified,.txt,1
1759603255.2104855,iot_test_files/attacked/config_15_1758884703.txt.encrypted,195,7.007230057294999,modified,.encrypted,1
1759603255.2119439,iot_test_files/attacked/config_15_1758884703.txt.encrypted,195,7.007230057294999,modified,.encrypted,1
1759603255.213085,iot_test_files/attacked/config_46_1759598323.txt.encrypted,58,5.685567202024123,modified,.encrypted,1
1759603255.2134595,iot_test_files/attacked/config_47_1758884198.txt.encrypted,96,6.165538932945218,modified,.encrypted,1
1759603255.2153637,iot_test_files/attacked/log_1759602333_3543.txt.encrypted,113,6.523632280960983,created,.encrypted,1
1759603255.2168362,iot_test_files/attacked/log_1759602333_3543.txt.encrypted,113,6.523632280960983,modified,.encrypted,1
1759603255.2177782,iot_test_files/attacked/backup_data_3.dat.encrypted,287,7.302669024167421,modified,.encrypted,1
1759603255.2180395,iot_test_files/attacked/backup_data_3.dat.encrypted,287,7.302669024167421,modified,.encrypted,1
1759603255.219248,iot_test_files/attacked/config_28_1758884535.txt.encrypted,139,6.660132169767999,modified,.encrypted,1
1759603255.2210171,iot_test_files/attacked/config_28_1758884535.txt.encrypted,139,6.660132169767999,modified,.encrypted,1
1759603255.2214582,iot_test_files/attacked/config_34_1758884402.txt.encrypted,58,5.4656553485385455,created,.encrypted,1
1759603255.222047,iot_test_files/attacked/config_34_1758884402.txt.encrypted,58,5.4656553485385455,modified,.encrypted,1
1759603255.2223876,iot_test_files/attacked/config_11_1758884294.txt.encrypted,96,6.251629167387826,modified,.encrypted,1
1759603255.2243671,iot_test_files/attacked/log_1759594437_2526.txt.encrypted,0,6.687426497611336,modified,.encrypted,1
1759603255.2250366,iot_test_files/attacked/log_1759594437_2526.txt.encrypted,156,6.687426497611336,modified,.encrypted,1
1759603255.2277353,iot_test_files/attacked/log_1758870577_1277.txt.encrypted,0,6.62332393350877,modified,.encrypted,1
1759603255.2290418,iot_test_files/attacked/log_1758870577_1277.txt.encrypted,156,6.62332393350877,modified,.encrypted,1
1759603255.2356644,iot_test_files/attacked/config_46_1759598407.txt.encrypted,58,5.569103624400614,modified,.encrypted,1
1759603255.2378104,iot_test_files/attacked/config_25_1759597423.txt.encrypted,58,5.569103624400614,modified,.encrypted,1
1759603255.2408805,iot_test_files/attacked/config_31_1758884775.txt.encrypted,58,5.582118926162053,modified,.encrypted,1
1759603255.24372,iot_test_files/attacked/config_16_1758884583.txt.encrypted,58,5.720049960644811,modified,.encrypted,1
1759603255.2458813,iot_test_files/attacked/config_3_1759598227.txt.encrypted,58,5.720049960644811,modified,.encrypted,1
1759603255.2463744,iot_test_files/attacked/config_42_1758884318.txt.encrypted,134,6.610719414273792,created,.encrypted,1
1759603255.2489028,iot_test_files/attacked/config_42_1758884318.txt.encrypted,134,6.610719414273792,modified,.encrypted,1
1759603255.249504,iot_test_files/attacked/config_23_1758884727.txt.encrypted,134,6.646203649364565,modified,.encrypted,1
1759603255.2509232,iot_test_files/attacked/config_23_1758884727.txt.encrypted,134,6.646203649364565,modified,.encrypted,1
1759603255.2523532,iot_test_files/attacked/config_42_1758884330.txt.encrypted,96,6.1238722662785525,modified,.encrypted,1
1759603255.2557805,iot_test_files/attacked/config_36_1758885126.txt.encrypted,58,5.685567202024123,modified,.encrypted,1
1759603255.2576625,iot_test_files/attacked/config_9_1758884234.txt.encrypted,101,6.4131135866907565,modified,.encrypted,1
1759603255.2579885,iot_test_files/attacked/config_9_1758884234.txt.encrypted,101,6.4131135866907565,modified,.encrypted,1
1759603255.2602198,iot_test_files/attacked/config_47_1759597531.txt.encrypted,101,6.0985151954945485,modified,.encrypted,1
1759603255.260711,iot_test_files/attacked/log_1758867897_1579.txt.encrypted,113,6.4528358207839895,modified,.encrypted,1
1759603255.26113,iot_test_files/attacked/log_1758867897_1579.txt.encrypted,113,6.4528358207839895,modified,.encrypted,1
1759603255.2621765,iot_test_files/attacked/config_28_1758884655.txt.encrypted,58,5.685567202024123,modified,.encrypted,1
1759603255.2641256,iot_test_files/attacked/sensor_data_5.json.encrypted,55,5.476725395303503,modified,.encrypted,1
1759603255.2652128,iot_test_files/attacked/log_1759602792_8758.txt.encrypted,113,6.474873210126231,modified,.encrypted,1
1759603255.2660847,iot_test_files/attacked/backup_data_19.dat.encrypted,300,7.2551804621527,modified,.encrypted,1
1759603255.2679005,iot_test_files/attacked/config_25_1759597435.txt.encrypted,139,6.588189723724834,modified,.encrypted,1
1759603255.2698176,iot_test_files/attacked/system_log_2.log.encrypted,138,6.584867482093452,modified,.encrypted,1
1759603255.270585,iot_test_files/attacked/config_50_1758883889.txt.encrypted,266,7.162094559414963,modified,.encrypted,1
1759603255.2708323,iot_test_files/attacked/config_50_1758883889.txt.encrypted,266,7.162094559414963,modified,.encrypted,1
1759603255.271458,iot_test_files/attacked/config_16_1758884595.txt.encrypted,172,6.8301640278824225,modified,.encrypted,1
1759603255.2718124,iot_test_files/attacked/config_16_1758884595.txt.encrypted,172,6.8301640278824225,modified,.encrypted,1
1759603255.272185,iot_test_files/attacked/config_25_1758884366.txt.encrypted,58,5.616601684782743,modified,.encrypted,1
1759603255.2724748,iot_test_files/attacked/log_1758870904_7959.txt.encrypted,113,6.428456285366615,modified,.encrypted,1
1759603255.2726145,iot_test_files/attacked/log_1758870904_7959.txt.encrypted,113,6.428456285366615,modified,.encrypted,1
1759603255.2727332,iot_test_files/attacked/log_1758869252_3575.txt.encrypted,156,6.743547571343154,modified,.encrypted,1
1759603255.2728188,iot_test_files/attacked/log_1759602562_9914.txt.encrypted,113,6.350979404816496,created,.encrypted,1
1759603255.272896,iot_test_files/attacked/log_1759602562_9914.txt.encrypted,113,6.350979404816496,modified,.encrypted,1
1759603255.2729776,iot_test_files/attacked/READ_ME_FOR_DECRYPT.txt,194,5.054417970210021,modified,.txt,1
1759603424.7077882,iot_test_files/attacked/config_47_1759597531.txt.encrypted,101,6.393311606492738,modified,.encrypted,1
1759603424.7117116,iot_test_files/attacked/log_1758870687_9890.txt.encrypted,199,6.998967067832193,created,.encrypted,1
1759603424.713652,iot_test_files/attacked/log_1758870687_9890.txt.encrypted,199,6.998967067832193,modified,.encrypted,1
1759603424.7150693,iot_test_files/attacked/config_25_1759597435.txt.encrypted,139,6.602578212933465,modified,.encrypted,1
1759603424.715409,iot_test_files/attacked/log_1759602768_6218.txt.encrypted,113,6.53031270133411,modified,.encrypted,1
1759603424.7156496,iot_test_files/attacked/log_1759602514_3970.txt.encrypted,113,6.5192940066629905,modified,.encrypted,1
1759603424.7159557,iot_test_files/attacked/config_46_1759598407.txt.encrypted,58,5.720049960644811,modified,.encrypted,1
1759603424.716728,iot_test_files/attacked/config_42_1758884330.txt.encrypted,96,6.306265755906956,modified,.encrypted,1
1759603424.7196248,iot_test_files/attacked/config_8_1759597543.txt.encrypted,96,6.285432422573624,modified,.encrypted,1
1759603424.7201774,iot_test_files/attacked/config_34_1758884306.txt.encrypted,96,6.152569011092754,modified,.encrypted,1
1759603424.7218812,iot_test_files/attacked/config_9_1758884715.txt.encrypted,139,6.59714736759416,created,.encrypted,1
1759603424.7220397,iot_test_files/attacked/config_9_1758884715.txt.encrypted,139,6.59714736759416,modified,.encrypted,1
1759603424.7221758,iot_test_files/attacked/backup_data_11.dat.encrypted,412,7.570436427597484,modified,.encrypted,1
1759603424.7231703,iot_test_files/attacked/config_31_1758884775.txt.encrypted,58,5.754532719265501,modified,.encrypted,1
1759603424.725609,iot_test_files/attacked/log_1758867897_1579.txt.encrypted,113,6.379697214531863,modified,.encrypted,1
1759603424.7289572,iot_test_files/attacked/log_1759594437_2526.txt.encrypted,156,6.8686102316273026,modified,.encrypted,1
1759603424.729612,iot_test_files/attacked/config_23_1758884727.txt.encrypted,134,6.61269450760581,modified,.encrypted,1
1759603424.729717,iot_test_files/attacked/log_1759602357_3706.txt.encrypted,113,6.272618759044165,created,.encrypted,1
1759603424.730164,iot_test_files/attacked/log_1759602357_3706.txt.encrypted,113,6.272618759044165,modified,.encrypted,1
1759603424.7313666,iot_test_files/attacked/log_1758869252_3575.txt.encrypted,156,6.8253096707159955,modified,.encrypted,1
1759603424.7314658,iot_test_files/attacked/log_1759602562_9914.txt.encrypted,113,6.393058055278118,modified,.encrypted,1
1759603424.7328267,iot_test_files/attacked/config_25_1759597423.txt.encrypted,58,5.720049960644811,modified,.encrypted,1
1759603424.7329504,iot_test_files/attacked/config_42_1758884318.txt.encrypted,134,6.676054395633221,modified,.encrypted,1
1759603424.7346237,iot_test_files/attacked/config_3_1759598227.txt.encrypted,58,5.651084443403432,modified,.encrypted,1
1759603424.7350848,iot_test_files/attacked/log_1759602864_8032.txt.encrypted,113,6.44181712611287,modified,.encrypted,1
1759603424.7358701,iot_test_files/attacked/config_28_1758884655.txt.encrypted,58,5.720049960644812,modified,.encrypted,1
1759603424.736469,iot_test_files/attacked/log_1758870577_1277.txt.encrypted,156,6.809346689974503,modified,.encrypted,1
1759603424.7368808,iot_test_files/attacked/config_50_1758883889.txt.encrypted,266,7.170705439322684,modified,.encrypted,1
1759603424.7378993,iot_test_files/attacked/config_9_1758884234.txt.encrypted,101,6.326431532213891,modified,.encrypted,1
1759603424.7388825,iot_test_files/attacked/config_device_16.cfg.encrypted,558,7.642339056789362,modified,.encrypted,1
1759603424.7396626,iot_test_files/attacked/config_16_1758884583.txt.encrypted,58,5.474107503636357,modified,.encrypted,1
1759603424.7403703,iot_test_files/attacked/config_16_1758884583.txt.encrypted,58,5.474107503636357,modified,.encrypted,1
1759603424.741021,iot_test_files/attacked/config_11_1758884294.txt.encrypted,96,6.340069011092755,modified,.encrypted,1
1759603424.7411165,iot_test_files/attacked/config_11_1758884294.txt.encrypted,96,6.340069011092755,modified,.encrypted,1
1759603424.7412415,iot_test_files/attacked/config_16_1758884763.txt.encrypted,101,6.333905665898681,modified,.encrypted,1
1759603424.74413,iot_test_files/attacked/log_1758869579_5287.txt.encrypted,113,6.54133139600523,modified,.encrypted,1
1759603424.7465332,iot_test_files/attacked/backup_data_19.dat.encrypted,300,7.2636115455293035,modified,.encrypted,1
1759603424.7470443,iot_test_files/attacked/backup_data_19.dat.encrypted,300,7.2636115455293035,modified,.encrypted,1
1759603424.7475576,iot_test_files/attacked/sensor_data_5.json.encrypted,55,5.599541531706474,modified,.encrypted,1
1759603424.7476957,iot_test_files/attacked/sensor_data_5.json.encrypted,55,5.599541531706474,modified,.encrypted,1
1759603424.748868,iot_test_files/attacked/config_35_1758884282.txt.encrypted,58,5.720049960644812,modified,.encrypted,1
1759603424.7498777,iot_test_files/attacked/READ_ME_FOR_DECRYPT.txt,194,5.0213954343514295,modified,.txt,1
1759650721.491876,iot_test_files/attacked/log_1759650357_6508.txt.encrypted,113,6.308900754354871,created,.encrypted,1
1759650721.5261028,iot_test_files/attacked/log_1759650357_6508.txt.encrypted,113,6.308900754354871,modified,.encrypted,1
1759650721.5270321,iot_test_files/attacked/config_34_1758884402.txt.encrypted,101,6.420587720375544,modified,.encrypted,1
1759650721.5272434,iot_test_files/attacked/log_1758870687_9890.txt.encrypted,199,6.975574997319361,modified,.encrypted,1
1759650721.5279772,iot_test_files/attacked/log_1758870577_1277.txt.encrypted,212,7.050803119555489,modified,.encrypted,1
1759650721.5284104,iot_test_files/attacked/config_16_1759649781.txt.encrypted,101,6.294301705502641,created,.encrypted,1
1759650721.5289595,iot_test_files/attacked/config_16_1759649781.txt.encrypted,101,6.294301705502641,modified,.encrypted,1
1759650721.529959,iot_test_files/attacked/config_23_1758884727.txt.encrypted,134,6.636911765052351,modified,.encrypted,1
1759650721.5302904,iot_test_files/attacked/config_28_1758884535.txt.encrypted,139,6.631355191350733,modified,.encrypted,1
1759650721.5306315,iot_test_files/attacked/log_1758870699_1591.txt.encrypted,212,7.081417388403005,modified,.encrypted,1
1759650721.532592,iot_test_files/attacked/log_1759650224_7663.txt.encrypted,113,6.333280289772246,created,.encrypted,1
1759650721.5329292,iot_test_files/attacked/log_1759650224_7663.txt.encrypted,113,6.333280289772246,modified,.encrypted,1
1759650721.5337884,iot_test_files/attacked/config_42_1758884318.txt.encrypted,134,6.504266709001475,modified,.encrypted,1
1759650721.534883,iot_test_files/attacked/config_9_1758884715.txt.encrypted,139,6.5936205690641385,modified,.encrypted,1
1759650721.535695,iot_test_files/attacked/log_1759650151_1784.txt.encrypted,225,7.0357427466571965,created,.encrypted,1
1759650721.536082,iot_test_files/attacked/log_1759650151_1784.txt.encrypted,225,7.0357427466571965,modified,.encrypted,1
1759650721.5366507,iot_test_files/attacked/log_1758869252_3575.txt.encrypted,156,6.656306286250609,modified,.encrypted,1
1759650721.5370317,iot_test_files/attacked/log_1759650672_3164.txt.encrypted,113,6.357659825189622,created,.encrypted,1
1759650721.5374532,iot_test_files/attacked/log_1759650672_3164.txt.encrypted,113,6.357659825189622,modified,.encrypted,1
1759650721.5379686,iot_test_files/attacked/config_36_1758885126.txt.encrypted,96,6.207205599611885,modified,.encrypted,1
1759650721.5383694,iot_test_files/attacked/system_log_2.log.encrypted,138,6.6953393117879205,modified,.encrypted,1
1759650721.5387745,iot_test_files/attacked/log_1759602357_3706.txt.encrypted,156,6.788544686783242,modified,.encrypted,1
1759650721.5394948,iot_test_files/attacked/config_11_1758884294.txt.encrypted,96,6.2932958340544936,modified,.encrypted,1
1759650721.5396585,iot_test_files/attacked/log_1759650563_2267.txt.encrypted,113,6.459516241157119,created,.encrypted,1
1759650721.5400114,iot_test_files/attacked/log_1759650563_2267.txt.encrypted,113,6.459516241157119,modified,.encrypted,1
1759650721.540839,iot_test_files/attacked/sensor_data_5.json.encrypted,55,5.5268142589792015,modified,.encrypted,1
1759650721.541112,iot_test_files/attacked/config_15_1759650069.txt.encrypted,58,5.720049960644812,created,.encrypted,1
1759650721.5418434,iot_test_files/attacked/config_15_1759650069.txt.encrypted,58,5.720049960644812,modified,.encrypted,1
1759650721.5420206,iot_test_files/attacked/log_1759602333_3543.txt.encrypted,156,6.7050860328816135,modified,.encrypted,1
1759650721.5430357,iot_test_files/attacked/config_18_1759649973.txt.encrypted,58,5.590571081259865,created,.encrypted,1
1759650721.54323,iot_test_files/attacked/config_18_1759649973.txt.encrypted,58,5.590571081259865,modified,.encrypted,1
1759650721.544198,iot_test_files/attacked/config_28_1758884655.txt.encrypted,58,5.823498236506881,modified,.encrypted,1
1759650721.5449798,iot_test_files/attacked/log_1758867897_1579.txt.encrypted,113,6.386377634904989,modified,.encrypted,1
1759650721.5452373,iot_test_files/attacked/backup_data_7.dat.encrypted,416,7.500839901158568,modified,.encrypted,1
1759650721.545608,iot_test_files/attacked/log_1759602889_9861.txt.encrypted,268,7.218951808080896,modified,.encrypted,1
1759650721.5457914,iot_test_files/attacked/config_21_1759649853.txt.encrypted,114,6.503856900091705,created,.encrypted,1
1759650721.546242,iot_test_files/attacked/config_21_1759649853.txt.encrypted,114,6.503856900091705,modified,.encrypted,1
1759650721.5465944,iot_test_files/attacked/log_1759650635_3073.txt.encrypted,113,6.393058055278118,created,.encrypted,1
1759650721.5467296,iot_test_files/attacked/log_1759650635_3073.txt.encrypted,113,6.393058055278118,modified,.encrypted,1
1759650721.5468223,iot_test_files/attacked/config_25_1759597435.txt.encrypted,177,6.758289871994672,modified,.encrypted,1
1759650721.5469754,iot_test_files/attacked/log_1758869107_6466.txt.encrypted,212,6.9660193061072,modified,.encrypted,1
1759650721.5475872,iot_test_files/attacked/config_19_1759649877.txt.encrypted,58,5.651084443403432,created,.encrypted,1
1759650721.5486157,iot_test_files/attacked/config_19_1759649877.txt.encrypted,58,5.651084443403432,modified,.encrypted,1
1759650721.548885,iot_test_files/attacked/log_1759602792_8758.txt.encrypted,113,6.382039360606998,modified,.encrypted,1
1759650721.5497506,iot_test_files/attacked/config_34_1758884306.txt.encrypted,134,6.610719414273792,modified,.encrypted,1
1759650721.5500355,iot_test_files/attacked/log_1759650502_5928.txt.encrypted,169,6.754227291222157,created,.encrypted,1
1759650721.5507028,iot_test_files/attacked/log_1759650502_5928.txt.encrypted,169,6.754227291222157,modified,.encrypted,1
1759650721.5515177,iot_test_files/attacked/backup_data_3.dat.encrypted,287,7.270108125324402,modified,.encrypted,1
1759650721.552266,iot_test_files/attacked/config_15_1759650057.txt.encrypted,58,5.582118926162053,created,.encrypted,1
1759650721.552496,iot_test_files/attacked/config_15_1759650057.txt.encrypted,58,5.582118926162053,modified,.encrypted,1
1759650721.5530322,iot_test_files/attacked/config_25_1759597423.txt.encrypted,58,5.452640046777106,modified,.encrypted,1
1759650721.5535266,iot_test_files/attacked/config_11_1758883901.txt.encrypted,291,7.266104165761347,modified,.encrypted,1
1759650721.553997,iot_test_files/attacked/log_1759650442_9245.txt.encrypted,113,6.488234050872487,created,.encrypted,1
1759650721.5544982,iot_test_files/attacked/log_1759650442_9245.txt.encrypted,113,6.488234050872487,modified,.encrypted,1
1759650721.5548246,iot_test_files/attacked/log_1759594437_2526.txt.encrypted,156,6.715569827903408,modified,.encrypted,1
1759650721.555385,iot_test_files/attacked/READ_ME_FOR_DECRYPT.txt,194,5.01959896246691,modified,.txt,1
1759993624.393577,iot_test_files/attacked/config_46_1759858728.txt.encrypted,58,5.616601684782744,created,.encrypted,1
1759993624.4067602,iot_test_files/attacked/config_46_1759858728.txt.encrypted,58,5.616601684782744,modified,.encrypted,1
1759993624.416204,iot_test_files/attacked/device_105.cfg.encrypted.encrypted,43,5.176151091861087,created,.encrypted,1
1759993624.4206543,iot_test_files/attacked/device_105.cfg.encrypted.encrypted,43,5.176151091861087,modified,.encrypted,1
1759993624.4302416,iot_test_files/attacked/log_1759993419_5948.txt.encrypted,113,6.477215356201366,created,.encrypted,1
1759993624.4326236,iot_test_files/attacked/log_1759993419_5948.txt.encrypted,113,6.477215356201366,modified,.encrypted,1
1759993624.4408207,iot_test_files/attacked/backup_data_3.dat.encrypted,343,7.339159674420873,modified,.encrypted,1
1759993624.4484437,iot_test_files/attacked/device_062.json.encrypted.encrypted,58,5.685567202024123,created,.encrypted,1
1759993624.4536643,iot_test_files/attacked/device_062.json.encrypted.encrypted,58,5.685567202024123,modified,.encrypted,1
1759993624.4556842,iot_test_files/attacked/device_058.json.encrypted.encrypted,58,5.720049960644811,created,.encrypted,1
1759993624.4592817,iot_test_files/attacked/device_058.json.encrypted.encrypted,58,5.720049960644811,modified,.encrypted,1
1759993624.4673781,iot_test_files/attacked/device_013.txt.encrypted.encrypted,177,6.834052072752959,created,.encrypted,1
1759993624.4707181,iot_test_files/attacked/device_013.txt.encrypted.encrypted,177,6.834052072752959,modified,.encrypted,1
1759993624.4750056,iot_test_files/attacked/log_1758867897_1579.txt.encrypted,113,6.315581174727998,modified,.encrypted,1
1759993624.4854798,iot_test_files/attacked/config_9_1758884715.txt.encrypted,177,6.861480055647158,modified,.encrypted,1
1759993624.4882314,iot_test_files/attacked/config_9_1758884715.txt.encrypted,177,6.861480055647158,modified,.encrypted,1
1759993624.4926274,iot_test_files/attacked/config_6_1759856265.txt.encrypted,58,5.651084443403433,created,.encrypted,1
1759993624.4959805,iot_test_files/attacked/config_6_1759856265.txt.encrypted,58,5.651084443403433,modified,.encrypted,1
1759993624.4998484,iot_test_files/attacked/device_032.txt.encrypted.encrypted,121,6.371221398377987,created,.encrypted,1
1759993624.5061827,iot_test_files/attacked/device_032.txt.encrypted.encrypted,121,6.371221398377987,modified,.encrypted,1
1759993624.5103507,iot_test_files/attacked/device_028.txt.encrypted.encrypted,121,6.49316261740413,created,.encrypted,1
1759993624.51705,iot_test_files/attacked/device_028.txt.encrypted.encrypted,121,6.49316261740413,modified,.encrypted,1
1759993624.5199518,iot_test_files/attacked/log_1759993093_6118.txt.encrypted,113,6.4528358207839895,created,.encrypted,1
1759993624.5289133,iot_test_files/attacked/log_1759993093_6118.txt.encrypted,113,6.4528358207839895,modified,.encrypted,1
1759993624.5342786,iot_test_files/attacked/device_030.txt.encrypted.encrypted,121,6.602626357055673,created,.encrypted,1
1759993624.537882,iot_test_files/attacked/device_030.txt.encrypted.encrypted,121,6.602626357055673,modified,.encrypted,1
1759993624.5438123,iot_test_files/attacked/config_15_1758884703.txt.encrypted,276,7.322080072626116,modified,.encrypted,1
1759993624.549611,iot_test_files/attacked/config_36_1759858656.txt.encrypted,172,6.825775147055889,created,.encrypted,1
1759993624.5526726,iot_test_files/attacked/config_36_1759858656.txt.encrypted,172,6.825775147055889,modified,.encrypted,1
1759993624.553949,iot_test_files/attacked/config_40_1759856121.txt.encrypted,96,6.186372266278552,created,.encrypted,1
1759993624.5626268,iot_test_files/attacked/config_40_1759856121.txt.encrypted,96,6.186372266278552,modified,.encrypted,1
1759993624.5659218,iot_test_files/attacked/log_1759650151_1784.txt.encrypted,225,7.0934336355076155,modified,.encrypted,1
1759993624.5693805,iot_test_files/attacked/device_084.log.encrypted.encrypted,73,5.905511031453129,created,.encrypted,1
1759993624.5745692,iot_test_files/attacked/device_084.log.encrypted.encrypted,73,5.905511031453129,modified,.encrypted,1
1759993624.5771027,iot_test_files/attacked/config_3_1759652542.txt.encrypted,114,6.377852268718019,created,.encrypted,1
1759993624.5813527,iot_test_files/attacked/config_3_1759652542.txt.encrypted,114,6.377852268718019,modified,.encrypted,1
1759993624.5828168,iot_test_files/attacked/device_114.dat.encrypted.encrypted,219,7.027532536807818,created,.encrypted,1
1759993624.584398,iot_test_files/attacked/device_114.dat.encrypted.encrypted,219,7.027532536807818,modified,.encrypted,1
1759993624.585894,iot_test_files/attacked/device_047.txt.encrypted.encrypted,121,6.3381635471383175,created,.encrypted,1
1759993624.589377,iot_test_files/attacked/device_047.txt.encrypted.encrypted,121,6.3381635471383175,modified,.encrypted,1
1759993624.5997188,iot_test_files/attacked/normal_file_14.txt.encrypted,82,6.138039809496137,created,.encrypted,1
1759993624.6011195,iot_test_files/attacked/normal_file_14.txt.encrypted,82,6.138039809496137,modified,.encrypted,1
1759993624.6049278,iot_test_files/attacked/config_9_1759651976.txt.encrypted,139,6.579232079855505,created,.encrypted,1
1759993624.6218286,iot_test_files/attacked/config_9_1759651976.txt.encrypted,139,6.579232079855505,modified,.encrypted,1
1759993624.6277769,iot_test_files/attacked/device_108.cfg.encrypted.encrypted,43,5.286729870981167,created,.encrypted,1
1759993624.632815,iot_test_files/attacked/device_108.cfg.encrypted.encrypted,43,5.286729870981167,modified,.encrypted,1
1759993624.6375322,iot_test_files/attacked/device_102.cfg.encrypted.encrypted,43,5.286729870981167,created,.encrypted,1
1759993624.6394753,iot_test_files/attacked/device_102.cfg.encrypted.encrypted,43,5.286729870981167,modified,.encrypted,1
1759993624.6467695,iot_test_files/attacked/config_15_1759858764.txt.encrypted,96,6.38959908924029,created,.encrypted,1
1759993624.6515565,iot_test_files/attacked/config_15_1759858764.txt.encrypted,96,6.38959908924029,modified,.encrypted,1
1759993624.6615558,iot_test_files/attacked/device_036.txt.encrypted.encrypted,121,6.553039580196168,created,.encrypted,1
1759993624.6645317,iot_test_files/attacked/device_036.txt.encrypted.encrypted,121,6.553039580196168,modified,.encrypted,1
1759993624.6750948,iot_test_files/attacked/log_1758869579_5287.txt.encrypted,113,6.452835820783991,modified,.encrypted,1
1759993624.6778686,iot_test_files/attacked/device_007.txt.encrypted.encrypted,120,6.458770283018388,created,.encrypted,1
1759993624.684562,iot_test_files/attacked/device_007.txt.encrypted.encrypted,120,6.458770283018388,modified,.encrypted,1
1759993624.6985517,iot_test_files/attacked/backup_data_7.dat.encrypted,459,7.537313614809824,modified,.encrypted,1
1759993624.7076304,iot_test_files/attacked/backup_data_7.dat.encrypted,459,7.537313614809824,modified,.encrypted,1
1759993624.724379,iot_test_files/attacked/config_30_1759856133.txt.encrypted,139,6.670993860446609,created,.encrypted,1
1759993624.7262952,iot_test_files/attacked/config_30_1759856133.txt.encrypted,139,6.670993860446609,modified,.encrypted,1
1759993624.7309647,iot_test_files/attacked/config_8_1759856542.txt.encrypted,101,6.346233512411912,created,.encrypted,1
1759993624.734282,iot_test_files/attacked/config_8_1759856542.txt.encrypted,101,6.346233512411912,modified,.encrypted,1
1759993624.737464,iot_test_files/attacked/config_28_1758884655.txt.encrypted,134,6.700271653079763,modified,.encrypted,1
1759993624.7444036,iot_test_files/attacked/log_1759602889_9861.txt.encrypted,268,7.295311485120854,modified,.encrypted,1
1759993624.7497988,iot_test_files/attacked/device_016.txt.encrypted.encrypted,121,6.4703949520969966,created,.encrypted,1
1759993624.7551506,iot_test_files/attacked/device_016.txt.encrypted.encrypted,121,6.4703949520969966,modified,.encrypted,1
1759993624.7626452,iot_test_files/attacked/config_23_1758884727.txt.encrypted,172,6.853419841835911,modified,.encrypted,1
1759993624.7646716,iot_test_files/attacked/config_16_1759651952.txt.encrypted,152,6.67543047391296,created,.encrypted,1
1759993624.768658,iot_test_files/attacked/config_16_1759651952.txt.encrypted,152,6.67543047391296,modified,.encrypted,1
1759993624.7699518,iot_test_files/attacked/log_1759602357_3706.txt.encrypted,212,6.955215088864498,modified,.encrypted,1
1759993624.771123,iot_test_files/attacked/device_093.log.encrypted.encrypted,73,5.861057435592352,created,.encrypted,1
1759993624.7720091,iot_test_files/attacked/device_093.log.encrypted.encrypted,73,5.861057435592352,modified,.encrypted,1
1759993624.7802372,iot_test_files/attacked/config_25_1759597423.txt.encrypted,96,6.2724625007211605,modified,.encrypted,1
1759993624.7810118,iot_test_files/attacked/config_25_1759597423.txt.encrypted,96,6.2724625007211605,modified,.encrypted,1
1759993624.781611,iot_test_files/attacked/config_34_1758884402.txt.encrypted,215,7.072452326263197,modified,.encrypted,1
1759993624.7818878,iot_test_files/attacked/config_34_1758884402.txt.encrypted,215,7.072452326263197,modified,.encrypted,1
1759993624.782341,iot_test_files/attacked/device_101.cfg.encrypted.encrypted,43,5.083127836047133,created,.encrypted,1
1759993624.7827296,iot_test_files/attacked/device_101.cfg.encrypted.encrypted,43,5.083127836047133,modified,.encrypted,1
1759993624.7844539,iot_test_files/attacked/config_13_1759993506.txt.encrypted,58,5.651084443403431,created,.encrypted,1
1759993624.7924695,iot_test_files/attacked/config_13_1759993506.txt.encrypted,58,5.651084443403431,modified,.encrypted,1
1759993624.8117468,iot_test_files/attacked/config_31_1759858836.txt.encrypted,58,5.720049960644811,created,.encrypted,1
1759993624.814819,iot_test_files/attacked/config_31_1759858836.txt.encrypted,58,5.720049960644811,modified,.encrypted,1
1759993624.8168087,iot_test_files/attacked/device_039.txt.encrypted.encrypted,121,6.542749394263636,created,.encrypted,1
1759993624.8233225,iot_test_files/attacked/device_039.txt.encrypted.encrypted,121,6.542749394263636,modified,.encrypted,1
1759993624.8243952,iot_test_files/attacked/config_18_1759649973.txt.encrypted,177,6.8416508183345774,modified,.encrypted,1
1759993624.8270798,iot_test_files/attacked/config_49_1759891240.txt.encrypted,58,5.616601684782744,created,.encrypted,1
1759993624.835107,iot_test_files/attacked/config_49_1759891240.txt.encrypted,58,5.616601684782744,modified,.encrypted,1
1759993624.8366358,iot_test_files/attacked/log_1759650442_9245.txt.encrypted,169,6.82969999833555,modified,.encrypted,1
1759993624.8376284,iot_test_files/attacked/system_log_2.log.encrypted,194,6.9895848628370745,modified,.encrypted,1
1759993624.8445406,iot_test_files/attacked/device_079.json.encrypted.encrypted,58,5.685567202024123,created,.encrypted,1
1759993624.845544,iot_test_files/attacked/device_079.json.encrypted.encrypted,58,5.685567202024123,modified,.encrypted,1
1759993624.8460715,iot_test_files/attacked/device_085.log.encrypted.encrypted,73,5.998043736962217,created,.encrypted,1
1759993624.8466551,iot_test_files/attacked/device_085.log.encrypted.encrypted,73,5.998043736962217,modified,.encrypted,1
1759993624.8557222,iot_test_files/attacked/device_081.log.encrypted.encrypted,73,5.8848291820787875,created,.encrypted,1
1759993624.8593674,iot_test_files/attacked/device_081.log.encrypted.encrypted,73,5.8848291820787875,modified,.encrypted,1
1759993624.870891,iot_test_files/attacked/device_000.txt.encrypted.encrypted,120,6.471351741387776,created,.encrypted,1
1759993624.8719795,iot_test_files/attacked/device_000.txt.encrypted.encrypted,120,6.471351741387776,modified,.encrypted,1
1759993624.8723502,iot_test_files/attacked/normal_file_4.txt.encrypted,94,6.1635794101652515,created,.encrypted,1
1759993624.899495,iot_test_files/attacked/normal_file_4.txt.encrypted,94,6.1635794101652515,modified,.encrypted,1
1759993624.90429,iot_test_files/attacked/device_100.cfg.encrypted.encrypted,43,5.333241498888144,created,.encrypted,1
1759993624.9137545,iot_test_files/attacked/device_100.cfg.encrypted.encrypted,43,5.333241498888144,modified,.encrypted,1
1759993624.9161909,iot_test_files/attacked/log_1759602768_6218.txt.encrypted,113,6.536993121707239,modified,.encrypted,1
1759993624.9193928,iot_test_files/attacked/device_116.dat.encrypted.encrypted,219,7.018856123429328,created,.encrypted,1
1759993624.937616,iot_test_files/attacked/device_116.dat.encrypted.encrypted,219,7.018856123429328,modified,.encrypted,1
1759993624.949519,iot_test_files/attacked/normal_config.txt.encrypted.encrypted,35,4.957854445516392,created,.encrypted,1
1759993624.9554112,iot_test_files/attacked/normal_config.txt.encrypted.encrypted,35,4.957854445516392,modified,.encrypted,1
1759993624.9706664,iot_test_files/attacked/log_1759650563_2267.txt.encrypted,113,6.361998099487614,modified,.encrypted,1
1759993624.9804692,iot_test_files/attacked/log_1759650296_8152.txt.encrypted,113,6.488234050872487,created,.encrypted,1
1759993624.989084,iot_test_files/attacked/log_1759650296_8152.txt.encrypted,113,6.488234050872487,modified,.encrypted,1
1759993625.0045974,iot_test_files/attacked/config_11_1758883901.txt.encrypted,367,7.511378206384981,modified,.encrypted,1
1759993625.0059419,iot_test_files/attacked/device_043.txt.encrypted.encrypted,121,6.490975323962063,created,.encrypted,1
1759993625.0067532,iot_test_files/attacked/device_043.txt.encrypted.encrypted,121,6.490975323962063,modified,.encrypted,1
1759993625.0082164,iot_test_files/attacked/device.encrypted.encrypted,1024,7.821723101760336,created,.encrypted,1
1759993625.0125377,iot_test_files/attacked/device.encrypted.encrypted,1024,7.821723101760336,modified,.encrypted,1
1759993625.0182269,iot_test_files/attacked/config_27_1759858592.txt.encrypted,96,6.285432422573623,created,.encrypted,1
1759993625.0192091,iot_test_files/attacked/config_27_1759858592.txt.encrypted,96,6.285432422573623,modified,.encrypted,1
1759993625.0209925,iot_test_files/attacked/config_35_1759891180.txt.encrypted,58,5.603586383021304,created,.encrypted,1
1759993625.0240035,iot_test_files/attacked/config_35_1759891180.txt.encrypted,58,5.603586383021304,modified,.encrypted,1
1759993625.0267007,iot_test_files/attacked/device_070.json.encrypted.encrypted,58,5.685567202024123,created,.encrypted,1
1759993625.0326421,iot_test_files/attacked/device_070.json.encrypted.encrypted,58,5.685567202024123,modified,.encrypted,1
1759993625.0331461,iot_test_files/attacked/device_005.txt.encrypted.encrypted,120,6.533933199757166,created,.encrypted,1
1759993625.033628,iot_test_files/attacked/device_005.txt.encrypted.encrypted,120,6.533933199757166,modified,.encrypted,1
1759993625.0407193,iot_test_files/attacked/device_091.log.encrypted.encrypted,73,5.915851956140299,created,.encrypted,1
1759993625.0423422,iot_test_files/attacked/device_091.log.encrypted.encrypted,73,5.915851956140299,modified,.encrypted,1
1759993625.0523872,iot_test_files/attacked/device_029.txt.encrypted.encrypted,177,6.96467023929965,created,.encrypted,1
1759993625.0542686,iot_test_files/attacked/device_029.txt.encrypted.encrypted,177,6.96467023929965,modified,.encrypted,1
1759993625.0598798,iot_test_files/attacked/log_1759650696_9544.txt.encrypted,113,6.47053493582824,created,.encrypted,1
1759993625.0614471,iot_test_files/attacked/log_1759650696_9544.txt.encrypted,113,6.47053493582824,modified,.encrypted,1
1759993625.065099,iot_test_files/attacked/normal_file_19.txt.encrypted,39,5.182838116298145,created,.encrypted,1
1759993625.066181,iot_test_files/attacked/normal_file_19.txt.encrypted,39,5.182838116298145,modified,.encrypted,1
1759993625.0681305,iot_test_files/attacked/device_074.json.encrypted.encrypted,58,5.616601684782742,created,.encrypted,1
1759993625.0692976,iot_test_files/attacked/device_074.json.encrypted.encrypted,58,5.616601684782742,modified,.encrypted,1
1759993625.0701697,iot_test_files/attacked/config_3_1759993290.txt.encrypted,58,5.534620865779924,created,.encrypted,1
1759993625.0747123,iot_test_files/attacked/config_3_1759993290.txt.encrypted,58,5.534620865779924,modified,.encrypted,1
1759993625.083695,iot_test_files/attacked/log_1759594437_2526.txt.encrypted,156,6.746690039264134,modified,.encrypted,1
1759993625.0851512,iot_test_files/attacked/device_055.json.encrypted.encrypted,114,6.490613259702876,created,.encrypted,1
1759993625.086498,iot_test_files/attacked/device_055.json.encrypted.encrypted,114,6.490613259702876,modified,.encrypted,1
1759993625.0968084,iot_test_files/attacked/normal_file_9.txt.encrypted,38,4.932138039759376,created,.encrypted,1
1759993625.102445,iot_test_files/attacked/normal_file_9.txt.encrypted,38,4.932138039759376,modified,.encrypted,1
1759993625.105459,iot_test_files/attacked/config_19_1759649877.txt.encrypted,58,5.616601684782743,modified,.encrypted,1
1759993625.1062872,iot_test_files/attacked/READ_ME_FOR_DECRYPT.txt.encrypted,237,7.11841234159748,created,.encrypted,1
1759993625.1092446,iot_test_files/attacked/READ_ME_FOR_DECRYPT.txt.encrypted,237,7.11841234159748,modified,.encrypted,1
1759993625.1167543,iot_test_files/attacked/log_1759602562_9914.txt.encrypted,113,6.4571740950819825,modified,.encrypted,1
1759993625.1185937,iot_test_files/attacked/log_1759860632_3068.txt.encrypted,113,6.3997384756512465,created,.encrypted,1
1759993625.1195087,iot_test_files/attacked/log_1759860632_3068.txt.encrypted,113,6.3997384756512465,modified,.encrypted,1
1759993625.121253,iot_test_files/attacked/normal_file_5.txt.encrypted,38,5.142664355548852,created,.encrypted,1
1759993625.1271358,iot_test_files/attacked/normal_file_5.txt.encrypted,38,5.142664355548852,modified,.encrypted,1
1759993625.1325824,iot_test_files/attacked/test_monitoring.txt.encrypted.encrypted,0,0.0,created,.encrypted,1
1759993625.1354134,iot_test_files/attacked/config_16_1758884763.txt.encrypted,220,7.143615338416482,modified,.encrypted,1
1759993625.1384535,iot_test_files/attacked/sensor_data_5.json.encrypted,55,5.63590516807011,modified,.encrypted,1
1759993625.1399326,iot_test_files/attacked/config_24_1759858484.txt.encrypted,58,5.672551900262684,created,.encrypted,1
1759993625.140626,iot_test_files/attacked/config_24_1759858484.txt.encrypted,58,5.672551900262684,modified,.encrypted,1
1759993625.1412313,iot_test_files/attacked/config_41_1759651988.txt.encrypted,58,5.6035863830213035,created,.encrypted,1
1759993625.141656,iot_test_files/attacked/config_41_1759651988.txt.encrypted,58,5.6035863830213035,modified,.encrypted,1
1759993625.1431804,iot_test_files/attacked/log_1758870699_1591.txt.encrypted,212,7.048490737500429,modified,.encrypted,1
1759993625.1442673,iot_test_files/attacked/settings.json.encrypted,54,5.569702316978282,created,.encrypted,1
1759993625.1459336,iot_test_files/attacked/settings.json.encrypted,54,5.569702316978282,modified,.encrypted,1
1759993625.1497838,iot_test_files/attacked/config_9_1759858327.txt.encrypted,96,6.27246250072116,created,.encrypted,1
1759993625.1512523,iot_test_files/attacked/config_9_1759858327.txt.encrypted,96,6.27246250072116,modified,.encrypted,1
1759993625.1523583,iot_test_files/attacked/normal_file_2.txt.encrypted,38,5.142664355548852,created,.encrypted,1
1759993625.153643,iot_test_files/attacked/normal_file_2.txt.encrypted,38,5.142664355548852,modified,.encrypted,1
1759993625.1554127,iot_test_files/attacked/device_024.txt.encrypted.encrypted,121,6.559278319883471,created,.encrypted,1
1759993625.1572201,iot_test_files/attacked/device_024.txt.encrypted.encrypted,121,6.559278319883471,modified,.encrypted,1
1759993625.1578343,iot_test_files/attacked/device_014.txt.encrypted.encrypted,121,6.542749394263635,created,.encrypted,1
1759993625.158544,iot_test_files/attacked/device_014.txt.encrypted.encrypted,121,6.542749394263635,modified,.encrypted,1
1759993625.159148,iot_test_files/attacked/normal_file_16.txt.encrypted,39,5.182838116298145,created,.encrypted,1
1759993625.1608002,iot_test_files/attacked/normal_file_16.txt.encrypted,39,5.182838116298145,modified,.encrypted,1
1759993625.1615367,iot_test_files/attacked/device_092.log.encrypted.encrypted,73,5.850716510905183,created,.encrypted,1
1759993625.161978,iot_test_files/attacked/device_092.log.encrypted.encrypted,73,5.850716510905183,modified,.encrypted,1
1759993625.162434,iot_test_files/attacked/device_119.dat.encrypted.encrypted,219,7.0279885435206495,created,.encrypted,1
1759993625.1628456,iot_test_files/attacked/device_119.dat.encrypted.encrypted,219,7.0279885435206495,modified,.encrypted,1
1759993625.1633198,iot_test_files/attacked/device_041.txt.encrypted.encrypted,121,6.565517059570772,created,.encrypted,1
1759993625.165232,iot_test_files/attacked/device_041.txt.encrypted.encrypted,121,6.565517059570772,modified,.encrypted,1
1759993625.1676686,iot_test_files/attacked/device_113.dat.encrypted.encrypted,219,7.065548189589978,created,.encrypted,1
1759993625.168511,iot_test_files/attacked/device_113.dat.encrypted.encrypted,219,7.065548189589978,modified,.encrypted,1
1759993625.1688998,iot_test_files/attacked/config_7_1759858178.txt.encrypted,58,5.685567202024123,created,.encrypted,1
1759993625.1691523,iot_test_files/attacked/config_7_1759858178.txt.encrypted,58,5.685567202024123,modified,.encrypted,1
1759993625.1694431,iot_test_files/attacked/config_29_1759651784.txt.encrypted,134,6.6518371381866785,created,.encrypted,1
1759993625.1697228,iot_test_files/attacked/config_29_1759651784.txt.encrypted,134,6.6518371381866785,modified,.encrypted,1
1759993625.1700711,iot_test_files/attacked/config_16_1759651892.txt.encrypted,172,6.783652399975448,created,.encrypted,1
1759993625.1766682,iot_test_files/attacked/config_16_1759651892.txt.encrypted,172,6.783652399975448,modified,.encrypted,1
1759993625.178453,iot_test_files/attacked/device_087.log.encrypted.encrypted,129,6.627430549963342,created,.encrypted,1
1759993625.1798701,iot_test_files/attacked/device_087.log.encrypted.encrypted,129,6.627430549963342,modified,.encrypted,1
1759993625.1815376,iot_test_files/attacked/device_117.dat.encrypted.encrypted,219,7.066756694185822,created,.encrypted,1
1759993625.182575,iot_test_files/attacked/device_117.dat.encrypted.encrypted,219,7.066756694185822,modified,.encrypted,1
1759993625.1855567,iot_test_files/attacked/normal_file_17.txt.encrypted,39,5.0802740137340425,created,.encrypted,1
1759993625.1951466,iot_test_files/attacked/normal_file_17.txt.encrypted,39,5.0802740137340425,modified,.encrypted,1
1759993625.1958213,iot_test_files/attacked/config_28_1758884438.txt.encrypted,215,7.018918489033771,modified,.encrypted,1
1759993625.1964211,iot_test_files/attacked/device_066.json.encrypted.encrypted,58,5.569103624400613,created,.encrypted,1
1759993625.2020564,iot_test_files/attacked/device_066.json.encrypted.encrypted,58,5.569103624400613,modified,.encrypted,1
1759993625.2078605,iot_test_files/attacked/device_027.txt.encrypted.encrypted,121,6.503452803336665,created,.encrypted,1
1759993625.2086961,iot_test_files/attacked/device_027.txt.encrypted.encrypted,121,6.503452803336665,modified,.encrypted,1
1759993625.2091477,iot_test_files/attacked/config_0_1759856337.txt.encrypted,96,6.298402344426088,created,.encrypted,1
1759993625.212947,iot_test_files/attacked/config_0_1759856337.txt.encrypted,96,6.298402344426088,modified,.encrypted,1
1759993625.2135377,iot_test_files/attacked/log_1759993129_8883.txt.encrypted,113,6.459516241157119,created,.encrypted,1
1759993625.2166166,iot_test_files/attacked/log_1759993129_8883.txt.encrypted,113,6.459516241157119,modified,.encrypted,1
1759993625.2248561,iot_test_files/attacked/device_103.cfg.encrypted.encrypted,43,5.286729870981167,created,.encrypted,1
1759993625.2258604,iot_test_files/attacked/device_103.cfg.encrypted.encrypted,43,5.286729870981167,modified,.encrypted,1
1759993625.2302794,iot_test_files/attacked/config_34_1758884306.txt.encrypted,134,6.519192082135803,modified,.encrypted,1
1759993625.2313445,iot_test_files/attacked/log_1759650672_3164.txt.encrypted,113,6.280182944639502,modified,.encrypted,1
1759993625.2319329,iot_test_files/attacked/device_018.txt.encrypted.encrypted,121,6.546800840508867,created,.encrypted,1
1759993625.2407098,iot_test_files/attacked/device_018.txt.encrypted.encrypted,121,6.546800840508867,modified,.encrypted,1
1759993625.2482085,iot_test_files/attacked/config_21_1759649853.txt.encrypted,152,6.7181293225687035,modified,.encrypted,1
1759993625.2494075,iot_test_files/attacked/config_21_1759649853.txt.encrypted,152,6.7181293225687035,modified,.encrypted,1
1759993625.2513726,iot_test_files/attacked/log_1758870687_9890.txt.encrypted,242,7.10862274126379,modified,.encrypted,1
1759993625.2530992,iot_test_files/attacked/log_1758870687_9890.txt.encrypted,242,7.10862274126379,modified,.encrypted,1
1759993625.2540107,iot_test_files/attacked/log_1759993237_4414.txt.encrypted,113,6.463854515455108,created,.encrypted,1
1759993625.2584753,iot_test_files/attacked/log_1759993237_4414.txt.encrypted,113,6.463854515455108,modified,.encrypted,1
1759993625.2611237,iot_test_files/attacked/device_003.txt.encrypted.encrypted,120,6.458770283018387,created,.encrypted,1
1759993625.2637284,iot_test_files/attacked/device_003.txt.encrypted.encrypted,120,6.458770283018387,modified,.encrypted,1
1759993625.2668166,iot_test_files/attacked/device_106.cfg.encrypted.encrypted,43,5.379753126795121,created,.encrypted,1
1759993625.2740471,iot_test_files/attacked/device_106.cfg.encrypted.encrypted,43,5.379753126795121,modified,.encrypted,1
1759993625.2753916,iot_test_files/attacked/log_1759650357_6508.txt.encrypted,113,6.565710931422607,modified,.encrypted,1
1759993625.276006,iot_test_files/attacked/device_006.txt.encrypted.encrypted,120,6.490223928941863,created,.encrypted,1
1759993625.2766094,iot_test_files/attacked/device_006.txt.encrypted.encrypted,120,6.490223928941863,modified,.encrypted,1
1759993625.277097,iot_test_files/attacked/config_3_1759598227.txt.encrypted,58,5.478670650299985,modified,.encrypted,1
1759993625.2775683,iot_test_files/attacked/log_1759993056_2933.txt.encrypted,113,6.477215356201366,created,.encrypted,1
1759993625.2880526,iot_test_files/attacked/log_1759993056_2933.txt.encrypted,113,6.477215356201366,modified,.encrypted,1
1759993625.2963388,iot_test_files/attacked/device_026.txt.encrypted.encrypted,121,6.503452803336665,created,.encrypted,1
1759993625.2995534,iot_test_files/attacked/device_026.txt.encrypted.encrypted,121,6.503452803336665,modified,.encrypted,1
1759993625.3012865,iot_test_files/attacked/device_083.log.encrypted.encrypted,73,5.915851956140299,created,.encrypted,1
1759993625.3034325,iot_test_files/attacked/device_083.log.encrypted.encrypted,73,5.915851956140299,modified,.encrypted,1
1759993625.3080661,iot_test_files/attacked/log_1759993283_7037.txt.encrypted,113,6.5236322809609835,created,.encrypted,1
1759993625.3117402,iot_test_files/attacked/log_1759993283_7037.txt.encrypted,113,6.5236322809609835,modified,.encrypted,1
1759993625.3184488,iot_test_files/attacked/config_36_1759858496.txt.encrypted,58,5.685567202024123,created,.encrypted,1
1759993625.319986,iot_test_files/attacked/config_36_1759858496.txt.encrypted,58,5.685567202024123,modified,.encrypted,1
1759993625.3215847,iot_test_files/attacked/device_051.json.encrypted.encrypted,58,5.582118926162054,created,.encrypted,1
1759993625.3236384,iot_test_files/attacked/device_051.json.encrypted.encrypted,58,5.582118926162054,modified,.encrypted,1
1759993625.324766,iot_test_files/attacked/device_015.txt.encrypted.encrypted,121,6.575807245503304,created,.encrypted,1
1759993625.331696,iot_test_files/attacked/device_015.txt.encrypted.encrypted,121,6.575807245503304,modified,.encrypted,1
1759993625.33332,iot_test_files/attacked/device_034.txt.encrypted.encrypted,121,6.470394952096995,created,.encrypted,1
1759993625.3356586,iot_test_files/attacked/device_034.txt.encrypted.encrypted,121,6.470394952096995,modified,.encrypted,1
1759993625.3366575,iot_test_files/attacked/device_067.json.encrypted.encrypted,58,5.720049960644812,created,.encrypted,1
1759993625.3448565,iot_test_files/attacked/device_067.json.encrypted.encrypted,58,5.720049960644812,modified,.encrypted,1
1759993625.3467784,iot_test_files/attacked/config_23_1759856518.txt.encrypted,96,6.298402344426088,created,.encrypted,1
1759993625.3482792,iot_test_files/attacked/config_23_1759856518.txt.encrypted,96,6.298402344426088,modified,.encrypted,1
1759993625.3525915,iot_test_files/attacked/log_1759650502_5928.txt.encrypted,169,6.8089320989016615,modified,.encrypted,1
1759993625.3561413,iot_test_files/attacked/config_15_1759650069.txt.encrypted,210,7.073154134413301,modified,.encrypted,1
1759993625.3593435,iot_test_files/attacked/log_1759860777_4881.txt.encrypted,113,6.333280289772247,created,.encrypted,1
1759993625.364647,iot_test_files/attacked/log_1759860777_4881.txt.encrypted,113,6.333280289772247,modified,.encrypted,1
1759993625.3667462,iot_test_files/attacked/config_40_1759993422.txt.encrypted,58,5.569103624400616,created,.encrypted,1
1759993625.3676457,iot_test_files/attacked/config_40_1759993422.txt.encrypted,58,5.569103624400616,modified,.encrypted,1
1759993625.3682935,iot_test_files/attacked/device_022.txt.encrypted.encrypted,121,6.3918017702430525,created,.encrypted,1
1759993625.3687422,iot_test_files/attacked/device_022.txt.encrypted.encrypted,121,6.3918017702430525,modified,.encrypted,1
1759993625.36917,iot_test_files/attacked/device_038.txt.encrypted.encrypted,121,6.4828724314715975,created,.encrypted,1
1759993625.36959,iot_test_files/attacked/device_038.txt.encrypted.encrypted,121,6.4828724314715975,modified,.encrypted,1
1759993625.370261,iot_test_files/attacked/device_097.log.encrypted.encrypted,73,5.812978325944039,created,.encrypted,1
1759993625.3764055,iot_test_files/attacked/device_097.log.encrypted.encrypted,73,5.812978325944039,modified,.encrypted,1
1759993625.3838828,iot_test_files/attacked/config_4_1759651820.txt.encrypted,58,5.754532719265502,created,.encrypted,1
1759993625.3852894,iot_test_files/attacked/config_4_1759651820.txt.encrypted,58,5.754532719265502,modified,.encrypted,1
1759993625.392116,iot_test_files/attacked/config_47_1759858424.txt.encrypted,96,6.251629167387826,created,.encrypted,1
1759993625.396548,iot_test_files/attacked/config_47_1759858424.txt.encrypted,96,6.251629167387826,modified,.encrypted,1
1759993625.3977795,iot_test_files/attacked/device_023.txt.encrypted.encrypted,121,6.493162617404133,created,.encrypted,1
1759993625.3989015,iot_test_files/attacked/device_023.txt.encrypted.encrypted,121,6.493162617404133,modified,.encrypted,1
1759993625.4117825,iot_test_files/attacked/log_1759993032_7807.txt.encrypted,113,6.459516241157119,created,.encrypted,1
1759993625.4239442,iot_test_files/attacked/log_1759993032_7807.txt.encrypted,113,6.459516241157119,modified,.encrypted,1
1759993625.4255302,iot_test_files/attacked/config_25_1758884366.txt.encrypted,96,6.277569011092755,modified,.encrypted,1
1759993625.4316275,iot_test_files/attacked/config_44_1759858166.txt.encrypted,58,5.754532719265502,created,.encrypted,1
1759993625.4351833,iot_test_files/attacked/config_44_1759858166.txt.encrypted,58,5.754532719265502,modified,.encrypted,1
1759993625.4403584,iot_test_files/attacked/log_1759650224_7663.txt.encrypted,113,6.459516241157119,modified,.encrypted,1
1759993625.4477158,iot_test_files/attacked/device_053.json.encrypted.encrypted,58,5.616601684782744,created,.encrypted,1
1759993625.4506848,iot_test_files/attacked/device_053.json.encrypted.encrypted,58,5.616601684782744,modified,.encrypted,1
1759993625.4517536,iot_test_files/attacked/device_020.txt.encrypted.encrypted,177,6.865744956789326,created,.encrypted,1
1759993625.452709,iot_test_files/attacked/device_020.txt.encrypted.encrypted,177,6.865744956789326,modified,.encrypted,1
1759993625.4581022,iot_test_files/attacked/log_1759993261_7886.txt.encrypted,113,6.410757170322367,created,.encrypted,1
1759993625.4637425,iot_test_files/attacked/log_1759993261_7886.txt.encrypted,113,6.410757170322367,modified,.encrypted,1
1759993625.464913,iot_test_files/attacked/device_064.json.encrypted.encrypted,58,5.754532719265502,created,.encrypted,1
1759993625.4657516,iot_test_files/attacked/device_064.json.encrypted.encrypted,58,5.754532719265502,modified,.encrypted,1
1759993625.4671233,iot_test_files/attacked/config_42_1758884318.txt.encrypted,172,6.8025193331024045,modified,.encrypted,1
1759993625.475311,iot_test_files/attacked/log_1759993491_5143.txt.encrypted,113,6.512613586289862,created,.encrypted,1
1759993625.4779844,iot_test_files/attacked/log_1759993491_5143.txt.encrypted,113,6.512613586289862,modified,.encrypted,1
1759993625.48017,iot_test_files/attacked/device_031.txt.encrypted.encrypted,121,6.575807245503305,created,.encrypted,1
1759993625.484379,iot_test_files/attacked/device_031.txt.encrypted.encrypted,121,6.575807245503305,modified,.encrypted,1
1759993625.487027,iot_test_files/attacked/device_054.json.encrypted.encrypted,58,5.638069141641993,created,.encrypted,1
1759993625.4932625,iot_test_files/attacked/device_054.json.encrypted.encrypted,58,5.638069141641993,modified,.encrypted,1
1759993625.5001628,iot_test_files/attacked/config_15_1759651808.txt.encrypted,96,6.186372266278551,created,.encrypted,1
1759993625.5027418,iot_test_files/attacked/config_15_1759651808.txt.encrypted,96,6.186372266278551,modified,.encrypted,1
1759993625.5071466,iot_test_files/attacked/device_004.txt.encrypted.encrypted,120,6.498394345536414,created,.encrypted,1
1759993625.511477,iot_test_files/attacked/device_004.txt.encrypted.encrypted,120,6.498394345536414,modified,.encrypted,1
1759993625.5145288,iot_test_files/attacked/device_063.json.encrypted.encrypted,58,5.547636167541364,created,.encrypted,1
1759993625.5187404,iot_test_files/attacked/device_063.json.encrypted.encrypted,58,5.547636167541364,modified,.encrypted,1
1759993625.5210898,iot_test_files/attacked/device_110.dat.encrypted.encrypted,219,7.0336739887162505,created,.encrypted,1
1759993625.5239234,iot_test_files/attacked/device_110.dat.encrypted.encrypted,219,7.0336739887162505,modified,.encrypted,1
1759993625.5265348,iot_test_files/attacked/device_033.txt.encrypted.encrypted,121,6.565517059570773,created,.encrypted,1
1759993625.527572,iot_test_files/attacked/device_033.txt.encrypted.encrypted,121,6.565517059570773,modified,.encrypted,1
1759993625.5283551,iot_test_files/attacked/log_1759993395_8670.txt.encrypted,113,6.30456248005688,created,.encrypted,1
1759993625.5295658,iot_test_files/attacked/log_1759993395_8670.txt.encrypted,113,6.30456248005688,modified,.encrypted,1
1759993625.5306656,iot_test_files/attacked/log_1758869095_2127.txt.encrypted,255,7.1705173582917485,modified,.encrypted,1
1759993625.5315137,iot_test_files/attacked/config_39_1759858250.txt.encrypted,58,5.685567202024123,created,.encrypted,1
1759993625.5331123,iot_test_files/attacked/config_39_1759858250.txt.encrypted,58,5.685567202024123,modified,.encrypted,1
1759993625.5339773,iot_test_files/attacked/config_47_1759597531.txt.encrypted,215,7.05092120773719,modified,.encrypted,1
1759993625.536155,iot_test_files/attacked/config_44_1759993494.txt.encrypted,58,5.754532719265502,created,.encrypted,1
1759993625.5399697,iot_test_files/attacked/config_44_1759993494.txt.encrypted,58,5.754532719265502,modified,.encrypted,1
1759993625.5433142,iot_test_files/attacked/log_1759602333_3543.txt.encrypted,156,6.822167202795014,modified,.encrypted,1
1759993625.5442154,iot_test_files/attacked/config_3_1759652518.txt.encrypted,114,6.548990645948959,created,.encrypted,1
1759993625.546435,iot_test_files/attacked/config_3_1759652518.txt.encrypted,114,6.548990645948959,modified,.encrypted,1
1759993625.548065,iot_test_files/attacked/config_16_1759649781.txt.encrypted,101,6.333905665898677,modified,.encrypted,1
1759993625.552598,iot_test_files/attacked/device_069.json.encrypted.encrypted,58,5.582118926162053,created,.encrypted,1
1759993625.5592136,iot_test_files/attacked/device_069.json.encrypted.encrypted,58,5.582118926162053,modified,.encrypted,1
1759993625.5616298,iot_test_files/attacked/device_107.cfg.encrypted.encrypted,43,5.379753126795121,created,.encrypted,1
1759993625.5632317,iot_test_files/attacked/device_107.cfg.encrypted.encrypted,43,5.379753126795121,modified,.encrypted,1
1759993625.565173,iot_test_files/attacked/device_035.txt.encrypted.encrypted,121,6.427046914924795,created,.encrypted,1
1759993625.567152,iot_test_files/attacked/device_035.txt.encrypted.encrypted,121,6.427046914924795,modified,.encrypted,1
1759993625.5681229,iot_test_files/attacked/READ_ME_FOR_DECRYPT.txt,195,5.040248812899759,modified,.txt,1
1760337529.4894798,iot_test_files/attacked/log_1760337335_9128.txt.encrypted,113,6.322261595101126,created,.encrypted,1
1760337529.4954898,iot_test_files/attacked/log_1760337335_9128.txt.encrypted,113,6.322261595101126,modified,.encrypted,1
1760337529.4958751,iot_test_files/attacked/config_13_1760337219.txt.encrypted,58,5.616601684782743,created,.encrypted,1
1760337529.4960976,iot_test_files/attacked/config_13_1760337219.txt.encrypted,58,5.616601684782743,modified,.encrypted,1
1760337529.4966764,iot_test_files/attacked/normal_file_14.txt.encrypted,39,5.080274013734042,created,.encrypted,1
1760337529.4980943,iot_test_files/attacked/normal_file_14.txt.encrypted,39,5.080274013734042,modified,.encrypted,1
1760337529.4995842,iot_test_files/attacked/backup_data_7.dat.encrypted,201,6.9368781836086155,created,.encrypted,1
1760337529.4998384,iot_test_files/attacked/backup_data_7.dat.encrypted,201,6.9368781836086155,modified,.encrypted,1
1760337529.5002615,iot_test_files/attacked/log_1760337238_1134.txt.encrypted,113,6.45283582078399,created,.encrypted,1
1760337529.500663,iot_test_files/attacked/log_1760337238_1134.txt.encrypted,113,6.45283582078399,modified,.encrypted,1
1760337529.5008483,iot_test_files/attacked/config_4_1760337207.txt.encrypted,58,5.651084443403433,created,.encrypted,1
1760337529.5009892,iot_test_files/attacked/config_4_1760337207.txt.encrypted,58,5.651084443403433,modified,.encrypted,1
1760337529.5012152,iot_test_files/attacked/normal_file_17.txt.encrypted,39,5.0802740137340425,created,.encrypted,1
1760337529.501832,iot_test_files/attacked/normal_file_17.txt.encrypted,39,5.0802740137340425,modified,.encrypted,1
1760337529.5023494,iot_test_files/attacked/normal_file_16.txt.encrypted,39,5.131556065016094,created,.encrypted,1
1760337529.5027432,iot_test_files/attacked/normal_file_16.txt.encrypted,39,5.131556065016094,modified,.encrypted,1
1760337529.5031607,iot_test_files/attacked/log_1760337178_3358.txt.encrypted,113,6.371020665935879,created,.encrypted,1
1760337529.5036807,iot_test_files/attacked/log_1760337178_3358.txt.encrypted,113,6.371020665935879,modified,.encrypted,1
1760337529.5041385,iot_test_files/attacked/config_device_12.cfg.encrypted,208,6.980974619623078,created,.encrypted,1
1760337529.5045578,iot_test_files/attacked/config_device_12.cfg.encrypted,208,6.980974619623078,modified,.encrypted,1
1760337529.5049353,iot_test_files/attacked/normal_file_2.txt.encrypted,38,5.090032776601483,created,.encrypted,1
1760337529.5053174,iot_test_files/attacked/normal_file_2.txt.encrypted,38,5.090032776601483,modified,.encrypted,1
1760337529.505691,iot_test_files/attacked/backup_data_15.dat.encrypted,201,6.958720768312911,created,.encrypted,1
1760337529.5060048,iot_test_files/attacked/backup_data_15.dat.encrypted,201,6.958720768312911,modified,.encrypted,1
1760337529.5069747,iot_test_files/attacked/log_1760337299_8123.txt.encrypted,113,6.512613586289863,created,.encrypted,1
1760337529.507416,iot_test_files/attacked/log_1760337299_8123.txt.encrypted,113,6.512613586289863,modified,.encrypted,1
1760337529.5077484,iot_test_files/attacked/log_1760337117_4953.txt.encrypted,156,6.8349877156155285,created,.encrypted,1
1760337529.5083392,iot_test_files/attacked/log_1760337117_4953.txt.encrypted,156,6.8349877156155285,modified,.encrypted,1
1760337529.5085814,iot_test_files/attacked/log_1760337129_5117.txt.encrypted,113,6.428456285366615,created,.encrypted,1
1760337529.5090775,iot_test_files/attacked/log_1760337129_5117.txt.encrypted,113,6.428456285366615,modified,.encrypted,1
1760337529.5099716,iot_test_files/attacked/log_1760337347_4018.txt.encrypted,113,6.29788205968375,created,.encrypted,1
1760337529.5104148,iot_test_files/attacked/log_1760337347_4018.txt.encrypted,113,6.29788205968375,modified,.encrypted,1
1760337529.5107126,iot_test_files/attacked/config_device_0.cfg.encrypted,217,6.99639408950758,created,.encrypted,1
1760337529.5109506,iot_test_files/attacked/config_device_0.cfg.encrypted,217,6.99639408950758,modified,.encrypted,1
1760337529.5111566,iot_test_files/attacked/normal_file_0.txt.encrypted,38,5.19529593449622,created,.encrypted,1
1760337529.5115938,iot_test_files/attacked/normal_file_0.txt.encrypted,38,5.19529593449622,modified,.encrypted,1
1760337529.511831,iot_test_files/attacked/config_20_1760337039.txt.encrypted,58,5.685567202024123,created,.encrypted,1
1760337529.5123148,iot_test_files/attacked/config_20_1760337039.txt.encrypted,58,5.685567202024123,modified,.encrypted,1
1760337529.5127356,iot_test_files/attacked/system_log_10.log.encrypted,83,6.158171961467412,created,.encrypted,1
1760337529.5132391,iot_test_files/attacked/system_log_10.log.encrypted,83,6.158171961467412,modified,.encrypted,1
1760337529.5134852,iot_test_files/attacked/log_1760337105_7414.txt.encrypted,113,6.477215356201366,created,.encrypted,1
1760337529.5136645,iot_test_files/attacked/log_1760337105_7414.txt.encrypted,113,6.477215356201366,modified,.encrypted,1
1760337529.5138564,iot_test_files/attacked/normal_file_1.txt.encrypted,38,4.984769618706745,created,.encrypted,1
1760337529.5140076,iot_test_files/attacked/normal_file_1.txt.encrypted,38,4.984769618706745,modified,.encrypted,1
1760337529.5147953,iot_test_files/attacked/config_11_1760336931.txt.encrypted,58,5.569103624400615,created,.encrypted,1
1760337529.5150454,iot_test_files/attacked/config_11_1760336931.txt.encrypted,58,5.569103624400615,modified,.encrypted,1
1760337529.5152147,iot_test_files/attacked/sensor_data_1.json.encrypted,55,5.63590516807011,created,.encrypted,1
1760337529.5155313,iot_test_files/attacked/sensor_data_1.json.encrypted,55,5.63590516807011,modified,.encrypted,1
1760337529.5159159,iot_test_files/attacked/device_008.txt.encrypted.encrypted,120,6.488018408054442,created,.encrypted,1
1760337529.5174108,iot_test_files/attacked/device_008.txt.encrypted.encrypted,120,6.488018408054442,modified,.encrypted,1
1760337529.517924,iot_test_files/attacked/sensor_data_17.json.encrypted,56,5.700212064914751,created,.encrypted,1
1760337529.518199,iot_test_files/attacked/sensor_data_17.json.encrypted,56,5.700212064914751,modified,.encrypted,1
1760337529.5187526,iot_test_files/attacked/log_1760336629_7095.txt.encrypted,169,6.945142453982451,created,.encrypted,1
1760337529.5190046,iot_test_files/attacked/log_1760336629_7095.txt.encrypted,169,6.945142453982451,modified,.encrypted,1
1760337529.5191977,iot_test_files/attacked/config_16_1760337075.txt.encrypted,96,6.314129167387827,created,.encrypted,1
1760337529.519431,iot_test_files/attacked/config_16_1760337075.txt.encrypted,96,6.314129167387827,modified,.encrypted,1
1760337529.5195985,iot_test_files/attacked/log_1760337384_4241.txt.encrypted,113,6.424118011068622,created,.encrypted,1
1760337529.5197873,iot_test_files/attacked/log_1760337384_4241.txt.encrypted,113,6.424118011068622,modified,.encrypted,1
1760337529.5199502,iot_test_files/attacked/READ_ME_FOR_DECRYPT.txt.encrypted,193,6.941427293787525,created,.encrypted,1
1760337529.5201328,iot_test_files/attacked/READ_ME_FOR_DECRYPT.txt.encrypted,193,6.941427293787525,modified,.encrypted,1
1760337529.520504,iot_test_files/attacked/normal_file_18.txt.encrypted,39,5.131556065016093,created,.encrypted,1
1760337529.5207782,iot_test_files/attacked/normal_file_18.txt.encrypted,39,5.131556065016093,modified,.encrypted,1
1760337529.5210028,iot_test_files/attacked/system_log_14.log.encrypted,126,6.606209387768467,created,.encrypted,1
1760337529.5212424,iot_test_files/attacked/system_log_14.log.encrypted,126,6.606209387768467,modified,.encrypted,1
1760337529.5214403,iot_test_files/attacked/log_1760337323_9773.txt.encrypted,113,6.339960710145375,created,.encrypted,1
1760337529.5216513,iot_test_files/attacked/log_1760337323_9773.txt.encrypted,113,6.339960710145375,modified,.encrypted,1
1760337529.5217974,iot_test_files/attacked/normal_file_12.txt.encrypted,39,5.112199975217029,created,.encrypted,1
1760337529.521972,iot_test_files/attacked/normal_file_12.txt.encrypted,39,5.112199975217029,modified,.encrypted,1
1760337529.5221953,iot_test_files/attacked/device_007.txt.encrypted.encrypted,120,6.458770283018384,created,.encrypted,1
1760337529.5223987,iot_test_files/attacked/device_007.txt.encrypted.encrypted,120,6.458770283018384,modified,.encrypted,1
1760337529.5226357,iot_test_files/attacked/backup_data_11.dat.encrypted,188,6.917490779811593,created,.encrypted,1
1760337529.5228436,iot_test_files/attacked/backup_data_11.dat.encrypted,188,6.917490779811593,modified,.encrypted,1
1760337529.5231256,iot_test_files/attacked/config_device_16.cfg.encrypted,99,6.2706720240763145,created,.encrypted,1
1760337529.5242202,iot_test_files/attacked/config_device_16.cfg.encrypted,99,6.2706720240763145,modified,.encrypted,1
1760337529.5245047,iot_test_files/attacked/READ_ME_FOR_DECRYPT.txt,194,5.055065892988746,created,.txt,1
1760337529.5247445,iot_test_files/attacked/READ_ME_FOR_DECRYPT.txt,194,5.055065892988746,modified,.txt,1
